CODPROD;NOMEPROD;CODFORNE;UNIDADE;ALIQICMS;VALCUSTO;VALVENDA;QTDEMIN;QTDEESTQ;GRUPO;CLASSESTQ;COMISSAO;PESOBRUTO
101;PRODUTO 101;10;4;0;5.1;7;53;324;1;A;0;0.43
102;PRODUTO 102;4;2;18;33.8;40;6;11;1;B;0;3.2
103;PRODUTO 103;19;4;18;10.41;14.3;3;13;1;D;0;0.405
104;PRODUTO 104;7;4;18;4.8;9.2;11;28;1;C;0;0
105;PRODUTO 105;19;4;18;15.55;19;48;52;1;A;0;1
106;PRODUTO 106;56;1;18;24.5;31.5;52;10.018;1;A;0;0
107;PRODUTO 107;428;1;18;47;57.9;8;54.793;1;B;0;0
108;PRODUTO 108;19;4;18;15.55;19;80;60;1;A;0;1
109;PRODUTO 109;7;4;;9.3;12.5;0;13;1;A;0;0.21
110;PRODUTO 110;116;1;12;29.5;47;108;50.428;1;A;0;0
111;PRODUTO 111;21;4;0;10.5;13.8;3;3;1;C;0;0.205
112;PRODUTO 112;45;1;12;35.6;47;26;13.848;1;A;0;0
113;PRODUTO 113;19;4;18;15.2;19.5;11;17;1;D;0;0.405
114;PRODUTO 114;7;1;18;35;50;66;150.605;1;B;0;0
115;PRODUTO 115;116;1;18;36;46;5;10.218;1;B;0;0.6
116;PRODUTO 116;309;1;18;55.96;72.8;13;19.886;1;B;0;0
117;PRODUTO 117;7;1;18;61;78;23;62.045;1;A;0;0
118;PRODUTO 118;311;4;;34;42.9;0;0;1;A;0;2
119;PRODUTO 119;191;4;12;32.7;39.24;19;16;1;A;0;1.1
120;PRODUTO 120;212;4;18;32.4;39;61;47;1;C;0;1.1
121;PRODUTO 121;7;1;18;32.6;42;132;142.703;1;A;0;0
122;PRODUTO 122;116;1;12;27.3;39;1006;940.347;1;A;0;0
123;PRODUTO 123;45;1;12;51.4;61.9;15;11.878;1;B;0;0
124;PRODUTO 124;29;4;18;15;21;16;21;1;A;0;1.82
125;PRODUTO 125;7;4;18;39;47;20;31;1;A;0;1.81
126;PRODUTO 126;19;1;18;12.5;18;149;103.403;1;A;0;0
127;PRODUTO 127;318;4;0;19.58;25.9;2;0;1;D;0;0.15
128;PRODUTO 128;308;4;18;17;21.5;3;10;1;C;0;0.3
129;PRODUTO 129;7;4;18;35.08;39.9;30;12;1;B;0;0
130;PRODUTO 130;7;1;18;58.5;75.5;11;39.364;1;C;0;
132;PRODUTO 132;29;2;18;36;48;4;2;1;A;0;3.8
133;PRODUTO 133;7;4;0;13.6;17.9;10;35;1;C;0;0.5
134;PRODUTO 134;29;4;18;23;29.5;8;10;1;B;0;1.85
135;PRODUTO 135;45;2;12;100.7;118.9;5;4;1;A;0;3.75
136;PRODUTO 136;428;1;18;48;59.9;3;5.989;1;B;0;0
137;PRODUTO 137;64;6;18;131.95;158.34;0;0;1;C;0;2.7
138;PRODUTO 138;309;4;0;10.4;13.5;39;185;1;A;0;0.4
140;PRODUTO 140;56;1;18;12.1;15.43;24;0.04;1;A;0;0
141;PRODUTO 141;41;1;18;44;56.9;5;4.38;1;D;0;0
142;PRODUTO 142;45;4;0;22.5;29;0;18;1;B;0;0.5
143;PRODUTO 143;116;1;12;60;72;19;10.703;1;A;0;0
144;PRODUTO 144;45;4;18;43;51;19;21;1;B;0;1.55
145;PRODUTO 145;45;4;0;14;18.3;8;32;1;B;0;0
146;PRODUTO 146;318;1;18;36.5;46.9;14;8.363;1;A;0;0
147;PRODUTO 147;309;4;0;10.75;13.9;11;17;1;C;0;0
148;PRODUTO 148;116;1;12;32;45;212;44.311;1;A;0;0
150;PRODUTO 150;229;1;18;33.5;48;66;9.59;1;A;0;0
152;PRODUTO 152;294;1;18;81;105;10;5.37;1;B;0;0
153;PRODUTO 153;45;1;18;66;99;67;44.082;1;B;0;0
154;PRODUTO 154;7;4;18;8.2;10.8;94;89;1;B;0;0
155;PRODUTO 155;162;1;18;36;48;68;155;1;B;0;0
156;PRODUTO 156;162;1;18;36;48;36;23;1;B;0;0
157;PRODUTO 157;15;1;18;69;83;4;354.24;1;A;0;1.2
159;PRODUTO 159;7;1;18;34;50;81;175.249;1;A;0;0
160;PRODUTO 160;116;1;12;40;52;31;29.861;1;A;0;0
161;PRODUTO 161;7;1;18;53;64;7;43.55;1;A;0;0
162;PRODUTO 162;77;1;18;43.9;57;16;41.913;1;A;0;0
164;PRODUTO 164;7;1;18;70;90;8;19.553;1;B;0;0
165;PRODUTO 165;7;1;18;70;90;9;21.051;1;B;0;0
166;PRODUTO 166;7;1;18;52;65;12;15.21;1;B;0;0
167;PRODUTO 167;7;1;18;50;67;10;2.384;1;B;0;0
168;PRODUTO 168;191;6;18;102;118;3;1;1;A;0;2.27
169;PRODUTO 169;243;1;18;61;78;29;86.857;1;A;0;
170;PRODUTO 170;116;1;12;30;36;448;350;1;A;0;0
171;PRODUTO 171;257;4;12;8;10.5;14;2;1;B;0;0.172
172;PRODUTO 172;212;1;18;46;54.9;3;0;1;A;0;0
173;PRODUTO 173;64;1;18;14.6;18;18;93;1;A;0;1.05
174;PRODUTO 174;171;1;18;27;32.5;26;11.436;1;A;0;0
175;PRODUTO 175;311;6;0;61;72;0;68;1;B;0;3.3
176;PRODUTO 176;308;4;18;8.3;10.8;2;0;1;C;0;0.22
177;PRODUTO 177;15;4;18;3.36;4.3;68;809;1;D;0;0.04
178;PRODUTO 178;309;1;18;55.96;72.8;2;4.263;1;C;0;0
179;PRODUTO 179;45;1;18;59;68.9;5;11.748;1;C;0;0
180;PRODUTO 180;7;1;18;49;60;15;54.768;1;A;0;0
181;PRODUTO 181;257;1;18;43;55;42;39.873;1;B;0;0
182;PRODUTO 182;308;4;;2.3;3.1;192;200;1;B;0;0.15
183;PRODUTO 183;4;4;18;15.71;19.9;5;17;1;D;0;0.9
184;PRODUTO 184;318;4;18;6.25;8.1;6;13;1;D;0;0.2
185;PRODUTO 185;84;1;18;145;178.5;0;1.876;1;C;;0
186;PRODUTO 186;7;4;0;15;18.3;5;2;1;B;0;0.45
187;PRODUTO 187;398;1;12;48.7;63.3;2;0;1;A;0;0
188;PRODUTO 188;428;4;18;16.2;21.1;17;12;1;D;0;0.2
189;PRODUTO 189;308;4;0;19.23;24.9;9;17;1;C;0;0.25
190;PRODUTO 190;257;4;12;6.6;11.5;10;18;1;B;0;0.12
191;PRODUTO 191;64;3;18;13;16.3;6;39;1;B;0;1.1
192;PRODUTO 192;421;1;12;40.37;48.9;0;13.66;1;C;0;0
193;PRODUTO 193;64;3;18;12.9;14.9;145;230;1;B;0;1.05
194;PRODUTO 194;257;1;12;53;65;39;40.296;1;A;0;0
196;PRODUTO 196;41;1;18;28;32;54;24.817;1;A;0;0
197;PRODUTO 197;318;6;18;53.5;69.5;2;32;1;C;0;1.65
198;PRODUTO 198;308;4;18;9.9;12.5;53;33;1;A;0;1.1
200;PRODUTO 200;309;4;18;10.9;14.2;7;11;1;C;0;0.32
201;PRODUTO 201;48;4;0;30.25;39.5;4;13;5;D;0;0.5
202;PRODUTO 202;4;1;0;15.9;17.9;10;0;2;C;0;5.1
203;PRODUTO 203;10;1;0;15.8;21;18;28.98;2;A;0;0
204;PRODUTO 204;10;1;0;13.9;17;8;14.935;2;A;0;0
205;PRODUTO 205;311;1;0;21.55;30;27;48.542;2;A;0;0
206;PRODUTO 206;318;4;18;14.5;19;2;7;1;C;0;0.14
207;PRODUTO 207;311;4;0;18.51;21.9;9;0;2;C;0;2.6
208;PRODUTO 208;47;4;0;15.33;19.9;3;0;2;C;0;2.6
211;PRODUTO 211;416;4;18;13.43;17.3;2;0;2;D;0;0.33
212;PRODUTO 212;311;1;0;82;102.5;2;4.254;-1;D;0;0
213;PRODUTO 213;311;1;0;19.2;27.9;47;38.04;2;C;0;0
215;PRODUTO 215;10;1;0;20.3;28;9;3.81;2;A;0;0
216;PRODUTO 216;10;4;18;17.05;21.9;8;12;5;D;0;1
217;PRODUTO 217;4;1;0;25;32;49;86.348;2;A;0;0
218;PRODUTO 218;318;4;0;19.58;25.9;3;1;1;D;0;0.15
219;PRODUTO 219;311;1;0;21.5;30;8;1.104;2;A;0;0
220;PRODUTO 220;10;1;0;18.7;25.2;16;20;2;A;0;5
221;PRODUTO 221;10;1;0;31.5;45;9;12.262;2;B;0;0
222;PRODUTO 222;311;4;0;16;18.5;19;10;2;C;0;5.05
223;PRODUTO 223;416;4;18;12.6;15.9;3;0;2;D;0;0.31
224;PRODUTO 224;311;1;0;20.7;28;32;77.5;2;B;0;0
225;PRODUTO 225;7;4;18;2.15;3.2;2;71;1;C;0;0.04
227;PRODUTO 227;10;1;0;16.5;18;5;0;2;A;0;0
228;PRODUTO 228;309;4;0;10.06;11.9;3;1;1;C;0;0.2
230;PRODUTO 230;4;1;0;23;32;19;56.353;2;A;0;0
232;PRODUTO 232;10;1;0;20.9;29;19;20;2;A;0;5.1
233;PRODUTO 233;4;1;0;43;51.9;13;0;2;C;0;0
234;PRODUTO 234;311;4;0;16.69;21.5;0;0;2;C;0;0.33
237;PRODUTO 237;311;1;0;65;90.5;0;0.96;2;A;0;0
240;PRODUTO 240;311;1;0;9.07;12.6;0;0;2;D;0;3.1
242;PRODUTO 242;16;1;;17.08;25.9;0;24.457;2;C;0;
243;PRODUTO 243;99;1;0;55;69;3;16;2;B;;1.05
244;PRODUTO 244;311;1;0;34.06;39.9;2;0;2;C;0;
245;PRODUTO 245;4;4;0;9;11.5;7;7;2;B;0;0.51
246;PRODUTO 246;99;1;0;95;120.9;2;2.845;-1;C;0;0.015
247;PRODUTO 247;4;1;0;19.54;26.5;3;0;2;C;0;0
249;PRODUTO 249;416;4;18;13.5;17.5;3;0;2;D;;0.31
250;PRODUTO 250;10;1;0;60;80;14;18.219;2;B;0;0
251;PRODUTO 251;99;1;0;26.4;35.5;3;3.73;2;C;0;0
252;PRODUTO 252;4;1;0;89;105;5;17.269;2;B;0;0
253;PRODUTO 253;10;1;18;68.05;92;9;18.417;2;B;0;0
254;PRODUTO 254;4;1;0;89;110;9;17.014;2;B;0;0
255;PRODUTO 255;4;4;18;15.02;19.9;4;0;5;C;0;0.36
256;PRODUTO 256;4;4;18;5.73;7.5;2;0;7;C;0;0.15
257;PRODUTO 257;311;4;18;27.88;39.9;2;20;5;C;0;0.4
258;PRODUTO 258;146;1;0;160;189.9;3;0;2;D;0;0
259;PRODUTO 259;60;4;18;45.22;53;2;12;7;C;0;1
260;PRODUTO 260;10;1;0;24.65;29.6;3;10;2;A;0;0
261;PRODUTO 261;53;4;18;11.8;16.5;6;2;5;C;0;0.41
262;PRODUTO 262;53;4;18;14.81;19.5;2;1;5;C;0;0.41
263;PRODUTO 263;99;1;0;53.1;65;3;9.224;2;C;0;0
264;PRODUTO 264;99;1;18;58;69.2;3;4.642;2;C;0;0
265;PRODUTO 265;53;4;0;12.2;15.9;4;26;5;C;0;0.55
267;PRODUTO 267;64;4;18;25.8;36;122;147;1;B;0;1.02
272;PRODUTO 272;99;1;0;38;51;14;80.637;2;B;0;0
275;PRODUTO 275;311;4;;44.42;52.9;3;5;5;A;0;0.51
277;PRODUTO 277;311;1;0;23.06;28.5;9;32.5;2;B;0;2.6
281;PRODUTO 281;146;4;0;6.12;7.99;13;63;7;D;0;0.35
283;PRODUTO 283;10;6;0;49;62;2;1;2;B;0;3.22
290;PRODUTO 290;311;1;18;22;35;36;115.266;2;A;0;0
291;PRODUTO 291;10;4;18;12;15.9;5;28;2;B;0;1
292;PRODUTO 292;10;4;0;2.5;3.6;32;224;1;B;0;0.22
293;PRODUTO 293;10;4;18;11.61;15;9;3;2;B;0;0.2
294;PRODUTO 294;4;1;0;37;52;6;25.389;2;A;0;0
298;PRODUTO 298;311;1;18;27;40;11;39.557;2;A;0;0
299;PRODUTO 299;4;1;0;36;55;46;85.532;2;B;0;0
300;PRODUTO 300;268;4;;5.3;6.6;62;129;11;B;0;0.55
301;PRODUTO 301;321;4;18;53;65;6;27;11;A;0;5.2
302;PRODUTO 302;294;2;18;38;45;6;18;7;C;0;
303;PRODUTO 303;146;4;18;28;35.5;2;30;11;D;0;0.4
304;PRODUTO 304;294;1;18;23;33.5;5;32.172;11;D;0;0
305;PRODUTO 305;418;6;18;15.9;19.5;10;137;4;B;0;2.4
306;PRODUTO 306;24;4;18;9;12;6;31;7;C;0;0.5
307;PRODUTO 307;294;4;18;39.4;54;12;26;11;B;0;3.5
308;PRODUTO 308;146;4;18;22.23;28.5;4;2;11;C;0;0.65
309;PRODUTO 309;293;4;18;17;20;5;5;4;C;0;2.38
310;PRODUTO 310;294;1;18;11.2;18;17;203.06;11;A;0;0
311;PRODUTO 311;53;4;18;11.81;16.5;3;2;11;A;0;0.42
312;PRODUTO 312;294;1;18;22.5;35;6;77.946;7;A;0;0
313;PRODUTO 313;294;1;18;20;35;36;36.796;11;A;0;0
314;PRODUTO 314;277;4;18;53;65;36;57;11;B;0;5.5
315;PRODUTO 315;294;1;18;20;41.5;10;51.726;10;B;0;0
316;PRODUTO 316;294;1;18;13.5;25.5;22;63.979;10;B;0;0
317;PRODUTO 317;356;4;0;1.85;2.5;26;67;7;A;0;0.8
318;PRODUTO 318;277;4;18;24.7;32.9;10;60;11;B;0;0.6
319;PRODUTO 319;294;2;18;38;46;11;16;11;B;0;3.6
320;PRODUTO 320;356;4;;65;76;0;0;8;C;0;10.6
321;PRODUTO 321;51;4;0;12.4;16.2;2;21;8;B;0;1.05
322;PRODUTO 322;311;4;18;14.18;16.3;11;5;7;C;0;1.05
323;PRODUTO 323;51;4;;2.6;3.4;0;24;7;C;0;0.18
324;PRODUTO 324;14;1;18;65;78;0;0.596;7;C;0;0
325;PRODUTO 325;294;1;18;50;75.9;10;88.251;10;B;0;0
326;PRODUTO 326;294;1;18;9;15;2;23.668;10;B;0;0
327;PRODUTO 327;37;1;18;11.6;14;77;81;7;B;0;1.05
328;PRODUTO 328;294;4;18;42.8;58;10;31;11;B;0;3.45
329;PRODUTO 329;199;4;12;25.95;30;2;10;7;C;0;0
330;PRODUTO 330;146;3;0;12.53;14.5;6;81;8;B;0;0.95
332;PRODUTO 332;46;1;12;12;16.9;6;35.889;8;B;0;0.5
333;PRODUTO 333;51;4;0;5.4;7.5;17;151;8;B;0;1
334;PRODUTO 334;24;4;18;9.3;11;3;45;7;B;0;0.55
335;PRODUTO 335;311;4;18;11.27;13.2;6;0;7;C;0;1.05
336;PRODUTO 336;243;4;0;50;61.9;2;6;11;D;0;0.3
337;PRODUTO 337;294;1;18;15;22.9;4;5.378;7;C;0;0
338;PRODUTO 338;247;4;0;30.2;38;0;52;7;B;0;1.1
339;PRODUTO 339;24;4;18;15;19;7;46;7;B;0;3.45
340;PRODUTO 340;24;4;18;17;20;2;57;7;B;0;3.7
341;PRODUTO 341;51;4;18;22;26;14;34;7;B;0;3.65
342;PRODUTO 342;24;3;18;5.2;6.5;2;28;7;B;0;1.02
343;PRODUTO 343;294;4;18;41;58;7;26;11;A;0;3.45
344;PRODUTO 344;354;4;0;24.77;31;2;12;11;C;0;0
345;PRODUTO 345;50;4;0;9;13;6;87;7;C;0;0.28
346;PRODUTO 346;243;4;18;11;13.5;17;93;7;B;0;0.69
347;PRODUTO 347;354;4;0;23.5;29.9;3;0;11;C;0;0
348;PRODUTO 348;294;1;18;57.5;69;5;2.57;10;B;0;0
350;PRODUTO 350;294;1;18;42;68;2;27.48;10;A;0;0
351;PRODUTO 351;24;3;0;6.6;7.5;2;23;7;B;0;1
352;PRODUTO 352;51;4;18;20;25;17;36;7;B;0;3.5
353;PRODUTO 353;51;4;0;5;6.5;0;1;7;C;0;0.23
356;PRODUTO 356;268;4;0;5.4;6.2;24;666;11;B;2;0.87
357;PRODUTO 357;268;4;18;37;45;19;68;11;B;2;5
358;PRODUTO 358;294;1;18;40;62;5;27.922;10;B;0;0
359;PRODUTO 359;294;1;18;39;60;15;57.819;10;B;0;0
360;PRODUTO 360;24;1;18;8;10;6;64;7;B;0;1.05
361;PRODUTO 361;199;4;12;17.3;19.5;2;32;7;A;0;3.5
362;PRODUTO 362;294;1;18;27;55.5;26;71.791;10;A;0;0
363;PRODUTO 363;24;4;0;1.65;2.5;2;15;7;C;0;0.3
364;PRODUTO 364;199;4;12;26;31.5;39;57;7;A;0;3.5
365;PRODUTO 365;51;3;18;4.8;6;11;90;7;B;0;1
366;PRODUTO 366;24;3;18;23.33;26.8;3;8;11;B;0;1
367;PRODUTO 367;24;4;0;2.11;3;2;2;7;B;0;0.3
368;PRODUTO 368;24;4;18;5.2;7;3;36;7;B;0;1
369;PRODUTO 369;247;1;;32;43;2;68;7;B;0;1
370;PRODUTO 370;294;4;18;14.9;20.4;13;116;7;B;0;0.15
371;PRODUTO 371;268;2;18;150.33;178;11;34;7;B;0;15.5
372;PRODUTO 372;294;1;18;23.5;43.5;2;27.472;10;B;0;0
373;PRODUTO 373;24;4;0;2.55;3.2;2;0;7;B;0;0.3
374;PRODUTO 374;24;3;18;5.4;8;17;170;7;B;0;1
375;PRODUTO 375;294;4;18;67;79;7;28;7;B;0;2.9
376;PRODUTO 376;199;4;12;26;30.9;30;21;7;A;0;5
377;PRODUTO 377;24;3;18;4.86;6.7;0;10;7;B;0;1
378;PRODUTO 378;64;4;18;24;29;23;34;7;A;0;3.1
379;PRODUTO 379;60;4;18;9.9;13;5;31;7;A;0;6
380;PRODUTO 380;416;4;0;7.6;9.9;3;7;7;B;0;0.25
382;PRODUTO 382;294;4;18;43.4;60;6;15;11;B;0;3
385;PRODUTO 385;99;1;0;40;47.9;0;0;2;D;0;0
386;PRODUTO 386;115;4;18;77;95.5;2;12;1;B;0;5.35
387;PRODUTO 387;51;4;18;29.7;37;3;16;7;A;0;3.9
388;PRODUTO 388;64;1;18;8;10;18;34;7;B;0;0
389;PRODUTO 389;294;2;18;60;72.9;8;33;7;B;0;2.2
391;PRODUTO 391;199;3;0;3;3.5;68;211;7;A;0;0.35
392;PRODUTO 392;37;6;18;45.69;55.9;3;16;7;C;0;2.31
393;PRODUTO 393;294;4;0;8.3;10.5;5;31;7;C;0;0.15
394;PRODUTO 394;294;4;18;49;64;4;13;7;C;0;1.99
396;PRODUTO 396;199;4;12;10.8;12.5;48;56;7;A;0;2.05
397;PRODUTO 397;387;4;0;22.5;26.9;3;8;7;D;0;1
399;PRODUTO 399;401;4;0;30;36.9;0;16;7;C;0;0.2
401;PRODUTO 401;199;3;0;2.52;3;9;559;7;A;0;0.35
402;PRODUTO 402;294;1;18;12.6;19.5;47;128.18;7;B;0;0
403;PRODUTO 403;37;4;18;3.8;4.9;7;16;7;C;0;0.024
404;PRODUTO 404;37;4;18;4.72;6.3;2;1;7;D;0;0.165
405;PRODUTO 405;294;1;18;45.9;65;14;27.108;10;C;0;0
406;PRODUTO 406;46;4;0;8.05;14.9;2;18;7;C;0;0
407;PRODUTO 407;37;1;18;9;11;18;56;7;C;0;1.1
408;PRODUTO 408;332;4;0;5.4;7.1;3;20;5;C;0;0.3
409;PRODUTO 409;294;1;;6.7;8.5;6;15.581;7;C;0;
410;PRODUTO 410;37;1;18;9;11;8;44;7;B;0;1.05
411;PRODUTO 411;37;1;18;9;11;22;30;7;B;0;1.05
412;PRODUTO 412;37;1;18;8;11;16;51;7;A;0;1.05
414;PRODUTO 414;37;1;18;12;13.9;3;9;7;A;0;1
415;PRODUTO 415;72;1;18;14.6;17;2;28;7;B;0;1.05
416;PRODUTO 416;72;1;18;14.6;17;8;25;7;B;0;1.31
417;PRODUTO 417;294;1;0;8.8;10.9;7;16.47;7;C;0;0
418;PRODUTO 418;37;1;18;7.3;9;28;75;7;B;0;1.05
419;PRODUTO 419;294;4;18;4;5.9;0;8;7;C;0;0.11
420;PRODUTO 420;294;2;18;40;50;6;22;11;B;0;3.5
421;PRODUTO 421;294;4;18;1;2;0;3;7;C;0;0.01
422;PRODUTO 422;37;4;0;11.4;15.9;4;4;7;C;0;0.52
423;PRODUTO 423;294;1;18;38;48;2;31.032;10;D;0;0
424;PRODUTO 424;294;1;18;18;25;4;9.762;10;C;0;0
425;PRODUTO 425;4;4;18;163;190;3;5;1;C;0;18
426;PRODUTO 426;294;1;;26;51.9;0;6.9;10;C;0;0
427;PRODUTO 427;294;1;18;6.7;11.5;5;48.098;10;C;0;0
428;PRODUTO 428;294;1;18;26;45;3;25.048;10;D;0;0
429;PRODUTO 429;294;1;18;18;25;0;31.554;7;C;0;0
430;PRODUTO 430;294;1;18;25.2;49;0;8.412;10;C;0;0
432;PRODUTO 432;356;4;18;14;18.9;2;36;7;B;0;1.1
433;PRODUTO 433;243;4;18;19.7;23.5;15;131;7;C;0;0
434;PRODUTO 434;294;1;18;30;45;0;7.441;10;D;0;0
435;PRODUTO 435;168;4;18;29;38;19;13;7;A;0;2.5
436;PRODUTO 436;249;4;0;36.33;47.3;10;25;7;C;0;4.1
438;PRODUTO 438;294;1;18;6.1;11;3;58.095;10;C;0;0
439;PRODUTO 439;294;1;18;15;29;5;24.068;10;C;0;0
440;PRODUTO 440;168;2;0;24.5;32;26;43;7;B;0;2.3
441;PRODUTO 441;168;2;0;8;11.5;9;25;7;C;0;0.3
442;PRODUTO 442;168;2;0;23;30;26;24;7;B;0;2.3
443;PRODUTO 443;37;4;18;41;49;8;37;7;B;0;1.1
444;PRODUTO 444;311;4;0;13.76;16.9;2;26;5;D;0;1.07
445;PRODUTO 445;140;4;18;17;23;12;28.978;7;A;0;1
446;PRODUTO 446;249;4;0;11.5;15.2;192;119;7;A;0;0.9
447;PRODUTO 447;294;1;18;31.1;45.5;2;8.794;7;C;0;0
448;PRODUTO 448;284;4;0;8.3;10.8;7;0;7;C;0;0.58
449;PRODUTO 449;256;4;0;8.6;12;5;59;7;C;0;0.9
451;PRODUTO 451;249;4;;9.6;10.9;5;13;7;A;0;0.85
452;PRODUTO 452;249;4;0;8.6;10.5;14;286;7;A;0;0.85
453;PRODUTO 453;249;4;0;34.2;44.5;17;96;7;A;0;4.3
454;PRODUTO 454;256;4;0;9.6;10.9;3;29;7;C;0;0.9
455;PRODUTO 455;87;4;18;23.5;28.9;5;33;7;B;0;0.9
456;PRODUTO 456;249;4;0;36.2;47;12;102;7;A;0;4.1
457;PRODUTO 457;354;4;0;16;20.9;4;25;7;C;0;0
459;PRODUTO 459;294;1;18;70;95;3;16.434;10;C;0;
460;PRODUTO 460;72;2;18;46;54;9;13;7;B;0;3.15
461;PRODUTO 461;37;1;18;18.25;23;4;29;7;B;0;1.05
462;PRODUTO 462;293;4;0;5.86;8;3;50;7;D;0;0
463;PRODUTO 463;37;4;0;22.8;27.5;10;34;7;C;0;0
464;PRODUTO 464;24;4;0;2.05;2.55;0;44;7;B;0;0.3
465;PRODUTO 465;249;4;0;57.8;75;9;96;7;B;0;4.3
466;PRODUTO 466;51;4;18;8.65;10.5;2;24;7;C;0;0
467;PRODUTO 467;387;4;0;12.3;17.2;18;106;7;C;0;0.1
468;PRODUTO 468;247;1;;33.5;45;4;84;7;B;0;1
469;PRODUTO 469;294;1;18;50;70;2;24.378;10;B;0;0
470;PRODUTO 470;294;1;18;40;65;2;31.69;10;C;0;0
471;PRODUTO 471;60;4;0;22;25.9;14;159;8;C;0;0.22
472;PRODUTO 472;294;1;;56;79.9;0;3.428;7;C;0;0
473;PRODUTO 473;294;1;18;28.5;37.9;0;6.996;10;C;0;
474;PRODUTO 474;37;4;18;19.85;26.9;3;32;7;C;0;0.51
475;PRODUTO 475;293;4;0;5.86;8;3;58;7;D;0;0
476;PRODUTO 476;87;4;;7;8.5;2;107;7;B;0;0.2
477;PRODUTO 477;87;4;0;7.7;9.5;17;149;7;B;0;0.2
478;PRODUTO 478;294;1;18;69;90;14;54.087;10;B;0;0
479;PRODUTO 479;294;1;18;41;75;5;51.909;10;B;0;0
480;PRODUTO 480;294;2;18;27;43;2;20;7;B;0;2.9
481;PRODUTO 481;294;4;18;64.5;80;0;36;7;B;0;3.6
482;PRODUTO 482;356;4;12;3.5;5;25;88;7;B;0;0.7
483;PRODUTO 483;294;1;18;17;30;15;49.881;10;B;0;0
484;PRODUTO 484;294;1;18;35;60;4;77.466;10;B;0;0
485;PRODUTO 485;294;1;18;40;70;8;18.414;10;B;0;0
486;PRODUTO 486;294;1;18;15;22;6;48.042;10;C;0;5
487;PRODUTO 487;268;4;18;8.6;12;21;215;7;C;0;0
488;PRODUTO 488;293;4;18;14.15;16.5;6;37;7;C;0;1
489;PRODUTO 489;294;1;18;40;59.9;2;22.042;10;C;0;0
490;PRODUTO 490;294;1;0;11.2;28;5;59.224;10;B;0;0
491;PRODUTO 491;294;2;18;27;35.9;4;21;7;B;0;2.9
493;PRODUTO 493;294;2;18;26;33.6;3;25;7;B;0;2.8
495;PRODUTO 495;247;1;0;38.5;47.5;0;13;7;C;0;1.1
496;PRODUTO 496;294;4;18;12;17.9;6;50;7;D;0;0.405
497;PRODUTO 497;294;1;18;34;55;16;76.026;10;B;0;0
498;PRODUTO 498;294;1;18;17;35;5;17.462;10;B;0;0
499;PRODUTO 499;294;1;18;6.3;11.5;31;133.358;10;B;0;0
500;PRODUTO 500;283;1;18;29.5;39.5;68;120;3;A;0;0
502;PRODUTO 502;283;4;18;17.3;20.9;13;88;3;B;0;0.55
503;PRODUTO 503;283;1;18;32.9;45;99;135;3;A;0;5.1
505;PRODUTO 505;3;1;18;18;21;233;384.064;3;B;0;0
507;PRODUTO 507;3;1;18;18;22.5;80;111.353;3;A;0;0
508;PRODUTO 508;3;1;18;8;12.5;41;64.056;3;A;0;0
509;PRODUTO 509;3;1;18;7;14;77;103.419;3;A;0;0
510;PRODUTO 510;3;1;18;15;20;49;52.433;3;A;0;0
511;PRODUTO 511;311;1;0;16.8;25;16;52.132;2;B;0;0
512;PRODUTO 512;311;4;0;52.35;68;3;12;2;C;0;0
513;PRODUTO 513;149;4;0;13.9;16.2;11;1758;7;C;0;1.05
514;PRODUTO 514;240;4;0;9.79;12.8;3;12;7;D;0;
515;PRODUTO 515;308;4;18;33.5;43.9;7;1;1;C;0;0.5
516;PRODUTO 516;294;1;18;15.7;23.5;9;44.268;10;C;0;0
519;PRODUTO 519;294;1;18;15;22;13;89.096;10;B;0;0
521;PRODUTO 521;294;1;0;7;9.9;5;33.306;7;C;0;0
532;PRODUTO 532;328;4;0;21;28;6;4;5;D;0;0.51
534;PRODUTO 534;37;4;18;4.5;5.9;3;13;7;C;0;0.4
535;PRODUTO 535;328;4;0;21;28;4;15;5;D;0;0
536;PRODUTO 536;328;4;0;21;28;3;0;5;D;0;0.51
537;PRODUTO 537;328;4;0;21;28;4;4;5;D;0;0.51
538;PRODUTO 538;328;4;0;21;28;2;0;5;D;0;0.51
540;PRODUTO 540;328;4;0;21;28;14;17;5;D;0;0.51
541;PRODUTO 541;328;4;0;9;13;11;15;5;C;0;0.51
542;PRODUTO 542;328;4;0;9;13;13;30;5;C;0;0.51
543;PRODUTO 543;328;4;0;21;28;3;0;5;D;0;0.51
544;PRODUTO 544;328;0;0;21;28;11;19;5;D;0;0.51
545;PRODUTO 545;328;4;0;21;28;4;17;5;D;0;0
546;PRODUTO 546;328;4;0;21;28;6;2;5;D;0;0.51
548;PRODUTO 548;387;4;0;20.6;25.9;2;5;8;D;0;1
549;PRODUTO 549;329;4;18;9.2;12.9;9;13;5;C;0;0.64
554;PRODUTO 554;294;4;18;30;38.95;31;73;7;B;0;3.37
555;PRODUTO 555;247;4;0;15.6;20.5;3;3;7;C;0;0.22
556;PRODUTO 556;294;1;0;4;5.5;3;28.969;7;C;0;
557;PRODUTO 557;243;4;18;12.7;16.5;5;5;7;D;0;0.5
558;PRODUTO 558;418;4;18;22;28.8;5;10;4;C;0;0
559;PRODUTO 559;19;4;18;8.73;11.5;10;8;1;C;0;0.164
561;PRODUTO 561;329;4;18;16.8;26.2;3;16;5;C;0;0.4
563;PRODUTO 563;329;4;18;10.6;14.5;9;73;5;C;0;0.58
564;PRODUTO 564;428;4;18;9.9;12.9;18;4;1;C;0;0.2
565;PRODUTO 565;428;4;18;20.2;24.9;21;25;1;C;0;0.6
567;PRODUTO 567;311;1;0;52;71.9;23;14.182;-1;C;0;0
569;PRODUTO 569;294;1;18;34;51.9;3;27.299;10;D;0;0
571;PRODUTO 571;21;4;18;8.85;10.9;5;21;5;D;0;0.31
580;PRODUTO 580;372;4;0;17.4;21.7;4;1;7;C;0;0.3
581;PRODUTO 581;372;4;0;17.4;21.7;0;11;7;C;0;0.3
582;PRODUTO 582;372;4;0;17.4;21.7;2;8;7;C;0;0.3
583;PRODUTO 583;372;4;0;17.4;21.7;3;11;7;C;0;0.3
584;PRODUTO 584;372;4;0;17.4;21.7;3;4;7;C;0;0.3
585;PRODUTO 585;372;4;0;17.4;21.7;2;6;7;C;0;0.3
586;PRODUTO 586;372;4;0;17.4;21.7;0;24;7;C;0;0.3
587;PRODUTO 587;372;4;0;17.4;21.7;2;14;7;C;0;0.3
588;PRODUTO 588;372;4;0;17.4;21.7;0;0;7;C;0;0.3
589;PRODUTO 589;372;4;0;17.4;21.7;2;12;7;C;;0.3
590;PRODUTO 590;372;4;0;17.4;21.7;0;15;7;C;0;0.3
593;PRODUTO 593;372;4;0;17.4;21.7;2;9;7;C;0;0.3
595;PRODUTO 595;294;4;18;9.6;13.2;4;24;8;C;0;0.382
596;PRODUTO 596;294;4;18;14.5;19.5;3;33;7;C;0;0.55
600;PRODUTO 600;46;4;0;9.2;12.5;0;2;7;C;0;0.235
601;PRODUTO 601;294;1;18;29;45;2;25.338;10;C;0;
602;PRODUTO 602;21;4;18;53;64;14;113;1;B;0;1.52
603;PRODUTO 603;46;4;0;10.7;14.5;2;53;7;C;0;0.235
604;PRODUTO 604;294;4;0;20.65;26.8;4;116;8;C;0;0.35
605;PRODUTO 605;247;4;18;46;56;7;26;7;C;0;1.05
606;PRODUTO 606;2;4;18;3.2;4.1;9;66;7;D;0;0.07
607;PRODUTO 607;46;4;0;9.7;12.7;2;12;8;C;0;0
608;PRODUTO 608;46;4;0;11.35;15.8;3;26;8;C;0;0
609;PRODUTO 609;243;4;0;18.2;23.7;3;13;7;C;0;0.5
610;PRODUTO 610;243;4;0;40;52.5;4;28;7;C;0;0.2
611;PRODUTO 611;294;1;18;19;25.9;2;15.77;10;A;0;0
612;PRODUTO 612;243;4;0;14.2;19.5;2;13;7;D;0;0.7
613;PRODUTO 613;294;1;18;34;45;3;19.386;10;C;0;
614;PRODUTO 614;46;4;0;12.7;16.5;0;42;8;C;0;0
615;PRODUTO 615;46;4;0;11.8;15.4;2;30;8;C;0;0
616;PRODUTO 616;243;4;0;21.5;27.95;4;25;7;D;0;0.32
617;PRODUTO 617;340;4;0;8.3;11;10;6;7;D;0;0
618;PRODUTO 618;340;4;0;8.3;11;4;9;7;D;0;0
619;PRODUTO 619;340;4;0;8.3;11;8;1;7;D;0;0
620;PRODUTO 620;340;4;0;8.3;11;6;1;7;D;0;0
621;PRODUTO 621;294;1;0;21;34;2;32.919;7;C;0;0
623;PRODUTO 623;340;4;0;8.3;11;3;2;7;D;0;0
624;PRODUTO 624;340;4;0;6.2;8;4;3;7;D;0;0.3
625;PRODUTO 625;240;4;0;7.59;9.9;26;26;7;D;0;0
626;PRODUTO 626;240;4;0;5.59;7.3;2;0;7;D;0;0.16
627;PRODUTO 627;48;4;0;28.5;39.5;3;7;5;D;0;0
629;PRODUTO 629;377;4;12;60.62;75.5;0;10;7;D;0;1.5
631;PRODUTO 631;358;4;18;15;18.2;2;0;5;C;0;2.5
632;PRODUTO 632;387;4;0;31.7;41.2;2;0;7;D;0;0.22
633;PRODUTO 633;7;4;18;6.22;9.2;5;16;1;C;0;
634;PRODUTO 634;294;4;0;8;10.5;17;31;7;C;0;0.18
636;PRODUTO 636;312;4;0;5.6;7.1;9;41;7;C;0;0.22
639;PRODUTO 639;312;4;0;6.4;8.2;6;53;7;D;0;0.24
642;PRODUTO 642;272;4;0;5.95;8;0;19;7;D;0;0
644;PRODUTO 644;272;4;0;5.95;8;2;71;7;D;0;0
646;PRODUTO 646;333;4;0;35.79;50.9;0;0;9;D;0;1.1
647;PRODUTO 647;393;4;12;5.9;7.9;0;1;9;D;0;0.5
648;PRODUTO 648;333;4;0;35.79;50.9;0;0;9;D;0;1.1
649;PRODUTO 649;60;4;0;24;31.2;6;67;7;C;0;0.34
650;PRODUTO 650;60;4;0;24;31.2;4;21;7;C;0;0
651;PRODUTO 651;267;4;0;9.5;13.5;6;49;7;C;0;0.16
652;PRODUTO 652;267;4;0;9.8;13.5;4;39;7;C;0;0.145
653;PRODUTO 653;267;4;0;13;18.5;3;18;7;C;0;0.205
654;PRODUTO 654;309;4;0;10.06;11.9;5;3;1;C;0;0.21
655;PRODUTO 655;267;4;0;15;19.9;3;0;7;C;0;0.38
656;PRODUTO 656;46;1;12;8.5;15.9;2;26.695;8;C;0;7.2
659;PRODUTO 659;333;4;4;58.2;74.5;0;0;8;D;0;1
661;PRODUTO 661;294;1;18;19;29.9;0;8.872;10;C;0;0
662;PRODUTO 662;10;4;18;6.7;9.5;30;35;7;C;0;0.41
663;PRODUTO 663;51;4;0;2.9;3.7;0;6;7;C;0;0.18
664;PRODUTO 664;240;4;0;6.29;8.2;2;3;7;D;0;0.16
667;PRODUTO 667;312;4;0;10.2;13.5;55;217;7;D;0;0.16
675;PRODUTO 675;333;4;4;43.14;51.9;0;2;7;D;0;1
677;PRODUTO 677;318;4;18;14.5;19;5;10;1;C;0;0.14
684;PRODUTO 684;37;4;18;20.7;26.9;7;1;7;C;0;0
688;PRODUTO 688;294;1;18;47.5;67.5;2;40.984;10;A;0;
691;PRODUTO 691;333;4;4;44.4;55.5;1;0;8;D;0;1
693;PRODUTO 693;294;1;;20;39.9;0;10.696;10;D;0;0
695;PRODUTO 695;294;4;0;1.9;3;2;4;8;D;0;0.03
696;PRODUTO 696;329;4;13.3;15.6;22;8;31;5;C;0;0.2
699;PRODUTO 699;294;1;0;10.8;22.9;2;18.078;10;D;0;0
701;PRODUTO 701;358;4;18;11.5;14.9;2;11;5;D;0;1.1
703;PRODUTO 703;312;4;0;9.21;11.8;3;50;7;C;0;0.18
704;PRODUTO 704;294;1;18;12;25.9;0;31.197;10;C;0;0
706;PRODUTO 706;21;4;0;13.2;16.2;9;31;1;C;0;0.25
707;PRODUTO 707;21;4;0;15.42;20.9;4;24;1;D;0;0.45
710;PRODUTO 710;333;4;4;31.27;54.5;2;7;9;D;0;1
711;PRODUTO 711;377;4;4;96.76;120;0;0;7;D;0;1.5
712;PRODUTO 712;294;1;18;16;34;7;36.121;7;B;0;0
713;PRODUTO 713;392;4;0;18.4;23.9;0;0;5;D;0;0.52
715;PRODUTO 715;312;4;0;8.94;11.65;2;0;7;C;0;0.08
718;PRODUTO 718;333;4;4;32;45.9;0;4;9;D;0;1
719;PRODUTO 719;243;4;18;14.13;19.9;38;197;2;B;0;0.122
720;PRODUTO 720;7;1;18;60;72;5;12.486;1;C;0;0
721;PRODUTO 721;333;4;4;31.27;45.9;2;14;9;D;0;1
722;PRODUTO 722;293;4;0;5.86;8;2;12;7;D;0;0
723;PRODUTO 723;7;4;18;6.8;9.2;9;16;1;C;0;0
724;PRODUTO 724;344;4;0;49.58;64.5;0;0;9;D;0;0
729;PRODUTO 729;243;4;18;8;11;6;14;7;C;0;0.51
730;PRODUTO 730;332;4;0;4.5;6.4;7;47;7;C;0;0
731;PRODUTO 731;333;4;0;31.25;40.5;2;4;9;D;0;1
732;PRODUTO 732;115;4;18;120;145;2;8;8;C;0;5.3
733;PRODUTO 733;243;4;18;7.95;11;11;25;7;D;0;0.6
734;PRODUTO 734;243;4;18;8;11;20;128;7;D;0;0.6
736;PRODUTO 736;2;4;18;0.7;1.3;87;492;1;D;0;0
737;PRODUTO 737;312;4;0;8.61;10.9;0;40;7;C;0;0.08
738;PRODUTO 738;312;4;0;7.97;9.9;0;20;7;C;0;0.08
739;PRODUTO 739;240;4;0;5.59;7.3;4;48.8;7;D;0;0.16
740;PRODUTO 740;240;4;0;7.29;9.5;6;79;7;D;0;0
742;PRODUTO 742;35;4;18;9.58;12.5;27;7;7;D;0;0
743;PRODUTO 743;340;4;0;8.5;11;4;5;7;D;0;0
744;PRODUTO 744;340;4;0;8.3;12.5;7;9;7;D;0;0
745;PRODUTO 745;24;4;18;1.9;3;4;68;7;D;0;0.12
746;PRODUTO 746;347;4;0;10.6;13.5;3;34;7;D;0;0
748;PRODUTO 748;402;4;0;25;33.5;2;0;7;C;0;1.1
749;PRODUTO 749;402;4;0;21;27.3;0;4;8;B;0;0.65
750;PRODUTO 750;402;4;0;15;20.5;0;0;7;B;0;0.486
753;PRODUTO 753;99;4;0;33;43;5;1;2;C;0;1.01
755;PRODUTO 755;11;4;0;8.7;13.9;2;0;7;D;0;0
757;PRODUTO 757;312;4;0;8.95;11.7;0;120;7;C;0;0.08
762;PRODUTO 762;242;4;0;15;20.9;9;39;7;C;0;0.6
765;PRODUTO 765;294;4;0;22;28.9;4;7;7;D;0;1
768;PRODUTO 768;333;4;4;31.27;45.9;2;16;9;D;0;1
771;PRODUTO 771;7;1;18;47.6;59.9;6;15.829;1;C;0;0
772;PRODUTO 772;99;1;0;29.4;42.9;0;3.552;2;C;0;
773;PRODUTO 773;377;4;12;41.57;59.9;0;8;9;D;0;1.5
774;PRODUTO 774;333;4;25;42.48;55.5;0;3;9;D;0;1.5
775;PRODUTO 775;333;4;4;53.24;69.9;0;14;9;D;0;1
776;PRODUTO 776;240;4;18;9.79;12.8;5;50.834;7;D;0;0
777;PRODUTO 777;48;1;;23.75;30.9;0;0;5;D;0;0
778;PRODUTO 778;296;4;25;42.9;53.9;0;21;9;D;0;2
779;PRODUTO 779;46;4;0;11.1;14.5;2;8;7;D;0;0.3
780;PRODUTO 780;296;4;25;42.9;53.9;0;6;9;D;0;2
781;PRODUTO 781;140;4;0;13.35;17.2;21;145;7;D;0;0.3
782;PRODUTO 782;296;4;25;42.9;53.9;0;5;9;D;0;2
783;PRODUTO 783;240;4;0;13.59;17.7;0;0;7;D;0;0
784;PRODUTO 784;296;4;25;35;50.9;0;1;9;D;0;2
785;PRODUTO 785;333;4;25;42.48;55.5;0;3;9;D;0;1
788;PRODUTO 788;296;4;25;38.5;50.9;0;0;9;D;0;2
789;PRODUTO 789;46;4;0;29;37.7;0;15;8;C;0;1.2
791;PRODUTO 791;45;4;0;9.05;12;10;30;1;C;0;0
793;PRODUTO 793;4;1;0;20;24.78;3;0;2;A;0;0
795;PRODUTO 795;2;4;0;5.5;7.5;0;0;7;D;0;0.045
796;PRODUTO 796;99;1;0;24.38;32;9;8.099;2;C;0;0
799;PRODUTO 799;87;4;0;11;16;5;0;7;C;0;0.51
800;PRODUTO 800;333;4;4;40.25;53;0;0;9;D;0;1
801;PRODUTO 801;19;1;18;44.36;57;19;13.748;1;B;0;0
802;PRODUTO 802;393;4;12;5.9;7.9;0;3;7;D;0;0.5
803;PRODUTO 803;215;4;18;19;24.9;6;25;7;C;0;0.51
804;PRODUTO 804;240;4;0;9.79;12.8;2;10;7;D;0;0
805;PRODUTO 805;21;4;0;13;14.5;2;0;5;D;0;0
806;PRODUTO 806;333;4;0;35.79;50.9;0;0;9;D;0;1.5
808;PRODUTO 808;311;4;0;6;7;6;743;1;C;0;0
809;PRODUTO 809;242;4;0;0.75;1.8;3;9;7;D;0;0.042
810;PRODUTO 810;340;4;0;8.3;11;3;0;7;D;0;0.55
811;PRODUTO 811;333;4;4;27;39.9;2;1;7;D;0;1
812;PRODUTO 812;344;4;25;50;69.9;0;0;7;D;0;0
813;PRODUTO 813;377;4;12;41.57;59.9;0;2;9;D;0;1.5
814;PRODUTO 814;333;4;4;27;39.9;2;0;9;D;0;1
815;PRODUTO 815;333;4;4;44;55;5;0;9;D;0;1
816;PRODUTO 816;333;4;0;28.62;47.9;5;0;9;D;0;1.2
817;PRODUTO 817;240;4;0;9.89;12.9;3;10;7;D;0;0
818;PRODUTO 818;2;4;0;1.5;2.5;36;9;7;C;0;0.095
819;PRODUTO 819;333;4;4;39.2;51.9;2;0;9;D;0;1
820;PRODUTO 820;7;4;18;25;28.9;5;0;1;C;0;0.42
821;PRODUTO 821;2;4;18;14.3;16;4;2;8;C;0;0.45
822;PRODUTO 822;333;4;0;35.79;50.9;0;0.607;9;D;0;1.2
823;PRODUTO 823;333;4;0;39.6;49.9;2;0;9;D;0;1
825;PRODUTO 825;333;4;4;40.25;53;0;0;9;D;0;1
827;PRODUTO 827;333;4;4;31.74;47.9;0;0;9;D;0;1
829;PRODUTO 829;333;4;4;30;39.9;0;5;7;D;0;1
831;PRODUTO 831;333;4;4;55.61;69.9;0;0;9;D;0;1
833;PRODUTO 833;333;4;4;40.25;53;0;0;7;D;0;1
834;PRODUTO 834;333;4;4;47.25;64.5;2;0;9;D;0;1
835;PRODUTO 835;377;4;12;67.76;95.9;0;6;9;D;0;1.05
836;PRODUTO 836;146;4;0;24.7;31.5;7;90;7;C;0;0
837;PRODUTO 837;242;4;0;13.9;19.9;28;53;7;B;0;0.6
838;PRODUTO 838;242;4;0;4.9;6.3;12;91;7;D;0;0
839;PRODUTO 839;45;4;0;9.05;12;16;60;1;C;0;0
840;PRODUTO 840;146;4;18;16;23.5;44;0;7;C;0;1
841;PRODUTO 841;293;4;18;5;5.9;3;3;7;C;0;0.52
842;PRODUTO 842;370;4;25;43.79;59.9;0;0;9;D;0;1.5
843;PRODUTO 843;370;4;0;66.5;99.9;0;0;9;D;0;1.5
844;PRODUTO 844;333;4;25;49;67.9;0;0;9;D;0;1.5
845;PRODUTO 845;240;4;0;6.49;8.5;37;92;7;D;0;0.55
846;PRODUTO 846;294;1;18;69;90;4;65.37;10;C;0;
847;PRODUTO 847;240;4;0;14.89;18.7;5;0;7;D;0;0.504
848;PRODUTO 848;240;4;0;5.89;7.7;11;12;7;D;0;0.35
849;PRODUTO 849;243;4;18;8;11;6;21;7;C;0;0.55
852;PRODUTO 852;318;4;18;19.66;28.9;2;0;1;C;0;0.45
853;PRODUTO 853;312;4;0;6.4;8.2;6;42;7;D;0;0.24
854;PRODUTO 854;243;4;18;7.95;11;4;14;7;D;0;0.55
855;PRODUTO 855;333;4;4;51.89;59.9;0;1;9;D;0;1
856;PRODUTO 856;333;4;4;41;59.9;5;0;9;D;0;1
857;PRODUTO 857;333;4;4;38;59.9;0;2;9;D;0;1
858;PRODUTO 858;377;4;12;68.26;95.9;0;9;9;D;0;1.05
859;PRODUTO 859;333;4;4;41;59.9;3;24;9;D;0;1.5
860;PRODUTO 860;312;4;0;6.4;8.2;4;47;7;D;0;0.24
861;PRODUTO 861;377;4;12;72.14;95.9;0;5;9;D;0;2
863;PRODUTO 863;333;4;4;38;59.9;0;0;9;D;0;1
864;PRODUTO 864;333;4;4;44;64.9;0;0;9;D;0;1
866;PRODUTO 866;243;4;0;11.25;13.9;25;127;7;C;0;1.05
867;PRODUTO 867;333;4;0;34.11;44.9;2.01;0;9;D;0;1.2
869;PRODUTO 869;99;1;0;55.02;65;3;6.027;2;C;0;0
870;PRODUTO 870;333;4;4;46.17;59.9;0;6;9;D;0;1
871;PRODUTO 871;87;4;0;127;155.9;0;0;7;C;0;1.1
872;PRODUTO 872;247;4;18;20;24.9;2;6;7;C;0;0
874;PRODUTO 874;333;4;25;37;52.9;0;0;9;D;0;1.9
875;PRODUTO 875;333;4;4;32.41;69.9;2;0;9;D;0;1
876;PRODUTO 876;335;4;0;24.8;31;4;4;5;C;0;0.5
878;PRODUTO 878;15;4;18;15.3;20.9;2;12;1;C;0;0.45
879;PRODUTO 879;370;4;0;36;46.9;2;0;9;D;0;1.5
880;PRODUTO 880;377;4;12;41.57;55.9;0;1;9;D;0;2
881;PRODUTO 881;294;1;18;10.5;15;10;43.69;10;C;0;0
882;PRODUTO 882;333;4;4;25.7;39.9;0;7;9;D;0;1
883;PRODUTO 883;240;4;0;2.29;3;2;11;7;D;0;0.035
884;PRODUTO 884;272;4;0;2;3;39;328;7;D;0;0
885;PRODUTO 885;333;4;4;45.28;59.9;0;2;9;D;0;1
886;PRODUTO 886;333;4;4;43.14;51.9;0;0;9;D;0;1
887;PRODUTO 887;240;4;0;8.19;10.7;5;95;7;D;0;0.45
889;PRODUTO 889;333;4;4;31.52;40.9;0;0;9;D;0;1
890;PRODUTO 890;240;4;0;10.39;13.5;3;14;7;D;0;0.55
891;PRODUTO 891;377;4;12;68.26;89.5;0;7;0;D;0;1.05
894;PRODUTO 894;48;4;0;23;29.9;4;7;5;D;0;0.55
895;PRODUTO 895;240;4;0;8.19;10.7;5;101;7;D;0;0.48
896;PRODUTO 896;51;4;0;2.55;3.3;0;24;7;D;0;0.18
897;PRODUTO 897;240;4;0;12.89;16.8;6;8;7;D;0;0.45
899;PRODUTO 899;418;4;18;23.3;29.9;6;8;4;B;0;0.41
901;PRODUTO 901;418;6;18;34;40;0;0;4;C;0;5.75
902;PRODUTO 902;418;6;18;14;18;10;37;4;B;0;1.33
903;PRODUTO 903;418;6;18;14;18;0;8;4;B;0;1.44
904;PRODUTO 904;418;6;18;16;20;2;12;4;B;0;1.35
905;PRODUTO 905;418;6;18;31;40;2;24;4;B;0;2.5
906;PRODUTO 906;418;6;18;61.15;71.5;3;6;4;B;;2.21
907;PRODUTO 907;418;6;18;22;26;5;12;4;A;0;0.45
908;PRODUTO 908;418;6;18;18.9;22;6;22;4;B;0;2.35
909;PRODUTO 909;243;4;0;77;98;2;18;7;C;0;0.608
910;PRODUTO 910;321;4;0;8.5;10.5;2;26;11;C;0;0.85
911;PRODUTO 911;243;4;0;102.4;128;2;0;7;C;0;1.1
912;PRODUTO 912;418;6;18;40;52;2;11;4;C;0;0
913;PRODUTO 913;293;4;;5.5;6.5;3;41;7;C;0;1.05
914;PRODUTO 914;333;4;0;35;52.9;0;3;9;D;0;1.5
915;PRODUTO 915;377;4;12;41.57;55.9;2;5;9;D;0;1.5
916;PRODUTO 916;7;4;18;16.5;19;11;4;1;C;0;0.24
918;PRODUTO 918;418;4;18;45;53.1;0;0;4;C;0;1
919;PRODUTO 919;294;1;18;22;35;2;25.314;10;C;0;5.2
921;PRODUTO 921;418;6;18;18;24;2;17;4;C;0;1
922;PRODUTO 922;418;6;18;30;36;9;19;4;B;0;1.65
923;PRODUTO 923;87;4;0;75;88.5;0;0;7;C;0;0.25
925;PRODUTO 925;418;4;18;21.2;27;10;22;4;B;0;1.4
926;PRODUTO 926;332;4;0;3;4;6;57;5;C;0;0.405
929;PRODUTO 929;333;4;25;35;51.9;0;1;9;D;0;1.5
930;PRODUTO 930;333;4;4;35.1;51.9;0;5;9;D;0;1
931;PRODUTO 931;333;4;4;24.18;41.9;0;2;9;D;0;1
932;PRODUTO 932;35;4;18;9.58;12.5;23;22;7;D;0;0
935;PRODUTO 935;240;4;0;10.89;14.2;7;6;7;D;0;0.4
936;PRODUTO 936;377;4;4;30.35;41.5;0;3;9;D;0;1
938;PRODUTO 938;115;4;18;20.18;24.2;11;54;8;B;0;0
939;PRODUTO 939;333;4;4;59;75.9;0;0;9;D;0;1
940;PRODUTO 940;333;4;4;51.73;69.9;0;2;9;D;0;1
941;PRODUTO 941;377;4;12;41.57;55.9;0;7;9;D;0;1.5
942;PRODUTO 942;333;4;0;40;75;0;0;9;D;0;1
943;PRODUTO 943;333;4;4;42;59.9;0;0;9;D;0;1
944;PRODUTO 944;333;4;4;40.24;59.9;0;2;9;D;0;1
945;PRODUTO 945;333;4;0;38.81;69.9;0;0;9;D;0;1
946;PRODUTO 946;333;4;4;40.24;59.9;0;7;9;D;0;1
947;PRODUTO 947;294;1;18;49;72;0;18.868;7;D;0;0
948;PRODUTO 948;50;4;0;13;16.8;22;161;7;C;0;0.3
949;PRODUTO 949;50;4;0;11.9;14.5;13;88;7;C;0;0.45
950;PRODUTO 950;2;4;18;7.5;12.5;7;35;8;C;0;0
951;PRODUTO 951;149;4;0;6;8;3;140;7;C;0;0.285
952;PRODUTO 952;240;4;0;12.89;16.8;6;5;7;D;0;0.4
953;PRODUTO 953;240;4;18;8.19;10.7;2;20;7;D;0;0.4
954;PRODUTO 954;312;4;0;6.4;8.2;6;70;7;D;0;0.24
955;PRODUTO 955;87;4;0;20.5;27;3;0;7;C;0;0.1
956;PRODUTO 956;240;4;18;9.79;12.8;4;14;7;D;0;
958;PRODUTO 958;240;4;0;10.19;13.3;27;69;7;D;0;0.35
961;PRODUTO 961;377;4;12;37.54;48.9;2;6;9;D;0;1
963;PRODUTO 963;333;4;;51.73;69.9;0;4;9;D;0;1.5
964;PRODUTO 964;240;4;0;11.89;15.5;3;2;7;D;0;0.55
965;PRODUTO 965;333;4;4;38.8;69.9;0;4;9;D;0;1
966;PRODUTO 966;7;4;18;5.3;9.2;11;13;1;C;0;0
967;PRODUTO 967;240;4;0;9.89;12.9;3;7;7;D;0;
968;PRODUTO 968;330;4;0;2.65;3.5;4;32;7;D;0;0.6
969;PRODUTO 969;330;4;0;2.3;3.2;7;170;7;D;0;0.6
970;PRODUTO 970;10;4;18;21.22;26.9;6;38;5;C;0;0
979;PRODUTO 979;393;4;12;43.09;55.4;0;0;9;D;0;1
980;PRODUTO 980;393;4;12;41.2;56.9;0;4;9;D;0;1.5
981;PRODUTO 981;247;4;18;25;32.5;0;3;7;C;0;0.43
982;PRODUTO 982;257;4;0;21.1;27.5;2;13;7;C;0;0.26
983;PRODUTO 983;294;4;18;43;54;2;20.038;10;C;0;
985;PRODUTO 985;393;4;12;29.3;42.2;0;1;9;D;0;1
987;PRODUTO 987;312;4;0;9.21;11.8;7;54;7;C;0;0.18
988;PRODUTO 988;240;4;0;7.29;9.5;8;4;7;D;0;0.2
989;PRODUTO 989;393;4;12;28.6;42.2;0;0;9;D;0;1.5
990;PRODUTO 990;10;1;0;60.3;75;6;8.242;2;B;0;0
991;PRODUTO 991;393;4;0;54.22;70.5;0;2;9;C;0;1
992;PRODUTO 992;212;3;12;4.5;5.2;371;514;1;A;2;1.1
993;PRODUTO 993;393;4;12;37.26;52.5;0;6;9;C;0;1
995;PRODUTO 995;330;4;18;2.1;2.8;7;205;7;D;0;1.2
996;PRODUTO 996;149;4;0;10;12.5;3;2513;7;D;0;0.52
997;PRODUTO 997;318;1;18;61;80.9;14;59.434;1;C;0;0
998;PRODUTO 998;294;1;;12;22;7;450.388;2;D;0;0
999;PRODUTO 999;294;1;0;13;25;0;995.372;2;D;0;0
1000;PRODUTO 1000;46;4;0;15.5;18.6;0;5;8;D;0;0.85
1002;PRODUTO 1002;46;4;18;9.56;16.9;3;39.292;8;D;0;0
1003;PRODUTO 1003;46;4;;14.85;19.35;0;14;8;C;0;0.8
1004;PRODUTO 1004;294;1;18;8.2;30;0;14.684;7;C;0;0
1005;PRODUTO 1005;240;4;0;6.91;10;0;0;7;D;0;0
1006;PRODUTO 1006;240;4;18;11.89;15.5;5;2;7;D;0;0.5
1007;PRODUTO 1007;240;4;0;6.69;8.7;0;0;7;D;0;0.112
1008;PRODUTO 1008;240;4;0;6.69;8.7;0;2;7;D;0;0.112
1009;PRODUTO 1009;311;4;0;18.5;24;3;13;5;D;0;0.32
1014;PRODUTO 1014;240;4;0;7.89;10.3;10;10;7;D;0;0
1015;PRODUTO 1015;240;4;0;9.98;13;2;0;7;D;0;0.3
1016;PRODUTO 1016;340;4;0;9.5;12.5;2;1;7;D;0;0.4
1017;PRODUTO 1017;329;4;18;27.5;34.5;8;33;5;C;0;1
1019;PRODUTO 1019;240;4;0;7.89;10.3;3;9;7;D;0;0.3
1020;PRODUTO 1020;294;1;18;6;11.5;2;24.69;10;C;0;0
1024;PRODUTO 1024;46;4;0;11.9;15.5;2;21;8;C;0;0.35
1025;PRODUTO 1025;46;1;12;33;43.9;0;0;8;C;0;0
1026;PRODUTO 1026;7;1;18;45.6;54.7;16;25.694;1;C;0;0
1027;PRODUTO 1027;7;1;18;53.6;65.9;3;5.917;1;C;0;0
1028;PRODUTO 1028;358;4;18;29.73;35;23;30;5;C;0;2.5
1036;PRODUTO 1036;333;4;4;36.17;51.9;0;2;9;D;0;1
1037;PRODUTO 1037;333;4;4;39.45;63.9;0;4;9;D;0;1
1038;PRODUTO 1038;46;1;12;10.53;16.9;2;15.911;8;C;0;7.2
1039;PRODUTO 1039;46;4;;13.25;17.3;5;50;7;C;0;0.5
1040;PRODUTO 1040;333;4;4;23.12;40.9;0;0;9;D;0;1
1044;PRODUTO 1044;333;4;0;29.15;54.9;0;2;9;D;0;1
1047;PRODUTO 1047;340;4;0;7.9;11;4;1;7;D;0;0.45
1050;PRODUTO 1050;333;4;25;49;63.9;0;1;9;D;0;1
1051;PRODUTO 1051;333;4;0;42.64;55.5;0;5;9;D;0;1
1052;PRODUTO 1052;333;4;25;38.09;47.9;0;4;9;D;0;1
1053;PRODUTO 1053;333;4;0;24.18;39.9;0;8;9;D;0;1.9
1054;PRODUTO 1054;333;4;0;37.72;51.9;0;9;9;D;0;1
1055;PRODUTO 1055;377;4;0;88.87;110.9;0;5;9;D;0;1
1061;PRODUTO 1061;48;4;0;17;25.9;0;2;5;D;0;0
1062;PRODUTO 1062;362;4;18;6.2;8.5;3;118;9;D;0;0.54
1069;PRODUTO 1069;308;4;0;9.1;12.5;21;22;1;C;0;0.25
1070;PRODUTO 1070;377;4;12;46.5;60.4;0;1;9;D;0;1
1071;PRODUTO 1071;344;4;0;59.5;74.9;0;0;9;D;0;1.225
1072;PRODUTO 1072;383;1;18;36;48.9;0;0;1;C;0;0
1073;PRODUTO 1073;333;4;25;45;59.9;0;3;9;D;0;1.5
1102;PRODUTO 1102;240;4;0;9.39;12.5;2;51;7;D;0;0
1104;PRODUTO 1104;240;4;0;14.89;18.7;3;0;7;D;0;0.504
1110;PRODUTO 1110;116;1;12;26;37.9;500;0;-2;D;0;0
1112;PRODUTO 1112;45;1;0;37.1;29.9;0;0;-2;C;0;0
1113;PRODUTO 1113;318;1;18;123.39;155;5;21.388;1;D;0;
1114;PRODUTO 1114;7;1;0;18.5;29.9;0;0;-2;D;0;0
1115;PRODUTO 1115;7;1;0;50;86.9;0;0;1;D;0;0
1116;PRODUTO 1116;308;4;0;9.1;12.5;23;23;1;C;0;0.205
1117;PRODUTO 1117;318;4;18;6.25;8.2;7;18;1;C;0;0.38
1121;PRODUTO 1121;243;1;0;63;94.9;0;0;1;D;0;0
1122;PRODUTO 1122;116;1;12;24.8;35.9;0;0;-2;C;0;0
1132;PRODUTO 1132;45;4;0;22.5;23.9;9;22;1;B;0;0.5
1136;PRODUTO 1136;41;1;18;44;55.5;3;7.638;1;C;0;0
1149;PRODUTO 1149;10;4;18;7.01;9.5;6;17;5;D;0;0
1150;PRODUTO 1150;229;1;0;29;43.5;0;0;1;D;0;0
1152;PRODUTO 1152;84;1;18;84;134.9;0;0;1;D;0;0
1153;PRODUTO 1153;45;1;0;50;81.9;0;0;1;D;0;0
1154;PRODUTO 1154;240;4;0;9.89;12.9;4;6;7;D;0;0.5
1155;PRODUTO 1155;240;4;0;11.89;15.5;7;11;7;D;0;0.5
1159;PRODUTO 1159;7;1;12;18.5;29.9;0;0;-2;C;0;0
1161;PRODUTO 1161;7;1;12;34.3;44.5;0;0;-2;D;0;0
1166;PRODUTO 1166;7;1;12;38.65;50.5;0;0;-2;D;0;0
1169;PRODUTO 1169;7;1;18;40.5;47.3;32;55;1;B;0;5.2
1192;PRODUTO 1192;64;1;18;63;94.5;0;0;1;D;0;0
1195;PRODUTO 1195;45;1;18;56.3;71.5;9;13.578;1;C;0;0.5
1200;PRODUTO 1200;377;4;12;67.6;95.9;0;7;9;D;0;1
1203;PRODUTO 1203;10;1;0;11;16.9;0;0;-1;D;0;0
1205;PRODUTO 1205;311;1;0;21;29.9;0;0;-1;D;0;0
1206;PRODUTO 1206;48;4;0;19.25;25;2;0;5;C;0;0
1210;PRODUTO 1210;149;4;0;9.11;11.2;4;28;7;D;0;0.29
1213;PRODUTO 1213;311;1;0;17;27.9;0;0;-1;D;0;0
1215;PRODUTO 1215;10;1;0;15;29.9;0;0;-1;D;0;0
1216;PRODUTO 1216;116;4;12;;5;;0;1;B;0;
1217;PRODUTO 1217;4;1;0;25;45;0;0;-1;D;0;0
1219;PRODUTO 1219;311;1;0;25;36.9;0;0;2;D;0;0
1221;PRODUTO 1221;10;1;0;22;31.9;0;0;-1;D;0;0
1231;PRODUTO 1231;398;4;12;16.2;19.9;0;0;1;D;0;0.3
1232;PRODUTO 1232;10;1;0;24;32.9;9;0;2;C;0;0
1233;PRODUTO 1233;4;1;0;45;64.9;0;0;2;D;0;0
1237;PRODUTO 1237;311;1;0;64;90.5;0;0;2;D;0;0
1247;PRODUTO 1247;4;1;0;17;34.9;0;0;-1;D;0;0
1249;PRODUTO 1249;398;1;12;44.6;58.5;0;0;1;D;0;0
1250;PRODUTO 1250;10;1;0;39;69.9;0;0;-1;D;0;0
1252;PRODUTO 1252;4;1;0;45;61.9;0;0;-1;D;0;0
1253;PRODUTO 1253;10;1;0;50;67.9;0;0;-1;C;0;0
1254;PRODUTO 1254;4;1;0;66;;9;0;-1;D;0;0
1263;PRODUTO 1263;99;1;12;28;45.9;0;0;-1;D;0;0
1264;PRODUTO 1264;99;1;12;60;73.9;2;0;-1;D;0;0
1272;PRODUTO 1272;99;1;0;28;39.5;12;0;-1;D;0;0
1284;PRODUTO 1284;311;1;0;30;68.9;0;0;-1;D;0;0
1290;PRODUTO 1290;4;1;18;30;39.5;4;8.496;2;D;0;0
1294;PRODUTO 1294;4;1;0;35;45.5;0;0;-1;D;0;0
1298;PRODUTO 1298;99;1;0;22;42.9;0;0;-1;D;0;0
1299;PRODUTO 1299;4;1;0;34;55.5;0;0;-1;D;0;0
1301;PRODUTO 1301;294;1;0;8;10;2;34.644;7;C;0;0
1302;PRODUTO 1302;19;4;12;8.73;11.5;16;0;1;D;0;0.13
1303;PRODUTO 1303;293;4;0;24.22;29.1;4;9;11;D;0;1.91
1305;PRODUTO 1305;333;4;4;40;54.9;0;8;9;D;0;1
1307;PRODUTO 1307;294;1;18;18.5;28;9;27.49;11;C;0;0
1335;PRODUTO 1335;46;1;12;10.95;16.9;3;19.639;8;C;0;0
1361;PRODUTO 1361;48;4;18;24.5;32;2;3;7;D;0;0
1364;PRODUTO 1364;60;4;18;26.45;29.1;8;0;7;C;0;2.97
1365;PRODUTO 1365;401;4;0;23.7;29.6;0;0;7;D;0;0.41
1385;PRODUTO 1385;311;1;0;40;56.5;0;0;-1;D;0;0
1386;PRODUTO 1386;294;4;18;11;17.5;9;0;7;C;0;0.51
1403;PRODUTO 1403;332;4;0;4.1;5.4;4;8;5;C;0;0.32
1407;PRODUTO 1407;358;4;18;20.9;27.5;0;0;5;C;0;1.055
1408;PRODUTO 1408;358;4;0;3.59;5.5;4;0;5;D;0;0.3
1410;PRODUTO 1410;332;4;0;5.3;6.9;5;21;5;C;0;0
1411;PRODUTO 1411;387;4;0;18.6;35;4;0;7;D;0;0.109
1423;PRODUTO 1423;387;4;;17.5;22.5;13;4;7;D;0;0.8
1445;PRODUTO 1445;140;1;0;20;40.5;0;0;7;D;0;0
1466;PRODUTO 1466;50;4;0;3.03;3.99;14;124;7;C;0;0.34
1470;PRODUTO 1470;293;4;0;5.86;8;0;6;7;D;0;0
1473;PRODUTO 1473;333;4;4;29;39.9;0;1;9;D;0;1
1474;PRODUTO 1474;333;4;4;32.41;44.9;2;0;9;D;0;1
1475;PRODUTO 1475;333;4;4;27.9;40.9;0;0;9;D;0;1
1476;PRODUTO 1476;240;4;0;14.89;18.7;3;0;7;D;0;0.4
1490;PRODUTO 1490;387;4;0;11;14.5;10;0;9;D;0;1
1491;PRODUTO 1491;394;4;0;1.61;2.5;8;15;7;D;0;0.6
1492;PRODUTO 1492;394;4;0;1.5;2.5;7;183;7;D;0;0.6
1493;PRODUTO 1493;294;1;18;15;20;0;0.27;11;C;0;0
1504;PRODUTO 1504;312;4;0;7.95;10.5;5;58;7;D;0;0.12
1506;PRODUTO 1506;312;4;0;8;10.5;8;43;7;D;0;0.12
1508;PRODUTO 1508;267;4;0;7.2;9.5;0;15;7;D;0;0.22
1510;PRODUTO 1510;312;4;0;6;8;0;0;7;D;0;0.16
1511;PRODUTO 1511;4;1;0;13;18.9;16;0;-1;C;0;0
1513;PRODUTO 1513;312;4;0;6.47;8.5;0;0;7;D;0;0.16
1526;PRODUTO 1526;312;4;;9.21;11.8;5;100;7;C;0;0.18
1611;PRODUTO 1611;272;4;18;6.13;8;2;21;7;D;0;0
1616;PRODUTO 1616;2;4;12;15.9;19.9;4;3;7;D;0;0.45
1709;PRODUTO 1709;311;1;0;49;68.9;0;0;-1;D;0;0
1717;PRODUTO 1717;21;6;18;13;16.5;2;0;5;D;0;0.42
1719;PRODUTO 1719;99;1;18;85;112;0;0;2;D;0;0
1746;PRODUTO 1746;;4;0;2.94;4;1;5;7;D;0;0
1771;PRODUTO 1771;7;1;0;39;62.9;6;0;-2;C;0;0
1793;PRODUTO 1793;4;4;0;10.2;11.5;5;9;2;C;;0.38
1800;PRODUTO 1800;328;4;0;25.6;32;0;0;5;D;0;0
1808;PRODUTO 1808;7;4;0;5.7;7.5;28;62;1;C;0;0.27
1838;PRODUTO 1838;240;4;0;5.79;7.5;7;3;7;D;0;0.45
1869;PRODUTO 1869;99;1;0;30;41.9;0;0;-1;D;0;0
1871;PRODUTO 1871;333;4;4;22.4;29.2;0;1.327;9;D;0;1
1872;PRODUTO 1872;294;4;0;12.1;15.5;2;8;7;D;0;0.205
1899;PRODUTO 1899;240;4;0;10.89;14.2;8;3;7;D;0;0.5
1901;PRODUTO 1901;387;4;0;30.9;38.9;0;0;7;D;0;0.35
1902;PRODUTO 1902;387;4;0;30.8;38.9;0;0;7;D;0;0.35
1903;PRODUTO 1903;294;1;18;8.2;30;2;14.892;7;D;0;
1905;PRODUTO 1905;60;4;0;12.32;14.5;4;3;8;C;0;1.05
1914;PRODUTO 1914;333;4;4;31.9;51.9;0;0;9;D;0;1
1915;PRODUTO 1915;333;4;4;45.28;59.9;0;2;9;D;0;1
1916;PRODUTO 1916;333;4;4;48.68;69.9;0;10;9;D;0;1
1917;PRODUTO 1917;48;4;18;30.25;39.5;2;6;5;D;0;0
1918;PRODUTO 1918;333;4;4;47;69.9;0;13;9;D;0;1
1919;PRODUTO 1919;333;4;4;40.25;53;0;0;9;D;0;1
1920;PRODUTO 1920;333;4;4;48.68;69.9;0;12;9;D;0;1
1921;PRODUTO 1921;333;4;4;31.27;54.5;0;3;9;D;0;1.2
1922;PRODUTO 1922;333;4;4;27;39.9;0;0;9;D;0;1
1923;PRODUTO 1923;333;4;0;39.9;50.9;0;0;9;D;0;1.2
1945;PRODUTO 1945;19;4;18;9.75;12.7;3;16;7;C;0;0.51
1947;PRODUTO 1947;294;1;18;31;62.5;4;50.47;10;C;0;
1948;PRODUTO 1948;48;4;0;10.1;15;6;6;5;C;0;0.5
1949;PRODUTO 1949;48;4;0;13;18;4;2;5;C;0;0.35
1960;PRODUTO 1960;393;4;12;42.65;55.4;0;7;9;D;0;2
1961;PRODUTO 1961;393;4;12;43.09;55.9;0;17;9;D;0;1
1962;PRODUTO 1962;393;4;12;43.09;55.9;0;21;9;D;0;1
1963;PRODUTO 1963;393;4;12;27.65;35.9;2;0;9;D;0;1
1964;PRODUTO 1964;393;4;12;54.2;69.9;0;9;9;C;0;1
1965;PRODUTO 1965;393;4;12;41;55.5;0;0;9;D;0;1.5
1966;PRODUTO 1966;393;4;12;27.93;35.9;2;1;9;D;0;1
1967;PRODUTO 1967;393;4;12;43;55.9;2;6;9;D;0;1
1968;PRODUTO 1968;393;4;12;56.44;76.9;0;5;9;D;0;1
1969;PRODUTO 1969;393;4;12;56.56;76.9;0;2;9;D;0;1
1970;PRODUTO 1970;393;4;12;21.36;31.9;0;2;9;D;0;1
1971;PRODUTO 1971;393;4;12;20.54;31.9;0;7;9;D;0;1
1972;PRODUTO 1972;243;4;18;8;11;4;24;7;D;0;0.51
1973;PRODUTO 1973;243;4;18;7.95;11;5;28;7;C;0;0.51
1974;PRODUTO 1974;279;4;0;8;9.9;12;189;11;D;0;0.51
1975;PRODUTO 1975;311;4;0;19.22;23;2;12;5;D;0;2
1976;PRODUTO 1976;311;4;0;13.76;15.9;6;25;5;C;0;1.05
1978;PRODUTO 1978;21;4;0;15.5;20.5;8;40;1;C;0;0.53
1979;PRODUTO 1979;401;4;0;19.2;23.5;9;96;7;C;0;0.67
1980;PRODUTO 1980;401;4;0;11.5;15.2;8;175;7;C;0;0.276
1981;PRODUTO 1981;294;1;18;86;130;0;0.706;10;C;0;0
1982;PRODUTO 1982;243;5;18;10;11;3;20;7;D;0;0.5
1983;PRODUTO 1983;243;4;18;16.25;21.5;2;20;7;C;0;0.51
1990;PRODUTO 1990;10;1;0;39;55.9;0;0;-1;D;0;0
1997;PRODUTO 1997;318;1;0;67;100.5;0;0;1;D;0;0
1998;PRODUTO 1998;387;4;0;32;36.5;0;0;7;D;0;0.25
1999;PRODUTO 1999;366;4;0;29.3;34.5;0;0;7;D;0;0.6
2000;PRODUTO 2000;243;4;18;9.31;11;7;35;7;C;0;0.51
2001;PRODUTO 2001;328;4;0;21;28;0;0;5;C;0;0.51
2005;PRODUTO 2005;48;4;0;20.75;27;0;0;5;D;0;0.6
2008;PRODUTO 2008;240;4;0;6.29;8.2;0;0;7;D;0;0.14
2009;PRODUTO 2009;240;4;0;3.5;4.6;0;10;7;D;0;0
2012;PRODUTO 2012;328;4;0;17;22.5;4;18;5;C;0;0.57
2020;PRODUTO 2020;240;4;0;7.98;10.4;2;11;7;D;0;0.32
2022;PRODUTO 2022;37;4;18;3.61;5;13;55;7;C;0;0.065
2024;PRODUTO 2024;392;4;0;18.4;26.5;6;10;5;D;0;0.51
2027;PRODUTO 2027;199;4;12;8.3;9.9;21;12;7;C;0;2.05
2031;PRODUTO 2031;392;4;0;21.1;28;0;0;5;D;0;0.51
2033;PRODUTO 2033;392;4;0;12.4;16.5;6;3;5;C;0;0.51
2034;PRODUTO 2034;392;4;0;14.4;18.5;6;9;5;C;0;0.51
2035;PRODUTO 2035;392;4;0;18.6;25.5;0;1;5;C;0;0
2036;PRODUTO 2036;392;4;0;18.4;26.5;0;0;5;D;0;0.51
2040;PRODUTO 2040;311;4;0;18;23.4;8;25;5;D;0;0.32
2041;PRODUTO 2041;428;1;18;29.5;39.9;7;5.299;1;C;0;0
2042;PRODUTO 2042;428;4;18;9.8;12.8;5;17;1;C;0;0.25
2043;PRODUTO 2043;21;4;0;13;16.5;2;0;5;D;0;0
2046;PRODUTO 2046;358;4;0;10.8;14.05;0;0;5;C;0;1.055
2048;PRODUTO 2048;392;4;0;31.1;37.2;0;0;5;D;0;0.51
2052;PRODUTO 2052;48;4;0;23;29.9;3;4;5;D;0;0.55
2054;PRODUTO 2054;21;4;0;15.9;16.9;3;0;5;C;0;0.2
2055;PRODUTO 2055;392;4;0;17.6;26.5;2;0;5;D;0;0.51
2059;PRODUTO 2059;294;1;0;38;49.5;2;1288;7;C;0;
2061;PRODUTO 2061;293;4;18;2.47;3.5;0;0;7;D;0;0.51
2063;PRODUTO 2063;240;4;0;9.89;12.9;3;4;7;D;0;0.5
2064;PRODUTO 2064;240;4;0;5.59;8;4;6;7;D;0;0.35
2065;PRODUTO 2065;240;4;0;7.99;10.5;2;0;7;D;0;0.27
2077;PRODUTO 2077;392;4;0;19.7;25.5;0;0;5;D;0;0.51
2078;PRODUTO 2078;294;4;0;49;62.5;0;4;7;D;0;1.01
2079;PRODUTO 2079;335;4;0;39.2;49;0;0;7;D;0;1.05
2080;PRODUTO 2080;293;4;0;3.8;4.2;31;26;7;D;0;1.01
2083;PRODUTO 2083;418;4;18;22;26.5;0;12;4;D;0;0.3
2086;PRODUTO 2086;416;4;18;12.55;15.7;2;0;2;D;0;0.3
2087;PRODUTO 2087;399;4;18;5.9;7.7;5;27;7;D;0;0.5
2088;PRODUTO 2088;399;4;18;11.4;14.5;3;38;7;D;0;1
2089;PRODUTO 2089;399;4;18;11;13.9;5;0;7;D;0;1
2090;PRODUTO 2090;243;4;0;13;16.9;2;0;7;C;0;0.08
2091;PRODUTO 2091;243;4;0;21.7;29;5;6;7;C;0;0.12
2092;PRODUTO 2092;335;4;0;26.4;33;4;0;5;D;0;0.55
2093;PRODUTO 2093;267;4;0;79;105;3;23;5;D;0;0.815
2094;PRODUTO 2094;335;4;0;21.6;27;3;0;5;D;0;0.5
2095;PRODUTO 2095;335;4;0;40.8;51;2;1;5;D;0;1
2097;PRODUTO 2097;146;4;0;9.2;14.9;7;1;7;C;0;0.085
2100;PRODUTO 2100;2;4;0;5;8;250;233;7;D;0;0
2101;PRODUTO 2101;2;4;0;5.5;9;3;0;7;D;0;0
2102;PRODUTO 2102;296;4;0;16.3;21.5;0;5;8;C;0;0.444
2107;PRODUTO 2107;146;4;0;33.75;43.85;2;14;7;C;0;0.4
2108;PRODUTO 2108;146;4;0;16.5;21.5;6;0;7;C;0;0.2
2109;PRODUTO 2109;146;4;0;43.5;57;2;0;7;C;0;0.5
2110;PRODUTO 2110;243;4;0;11.4;14.9;4;2;8;D;0;0.37
2111;PRODUTO 2111;332;4;0;13.5;17.7;4;25;5;C;0;1.005
2115;PRODUTO 2115;333;4;4;37;49.9;0;0;9;D;0;1
2120;PRODUTO 2120;240;4;0;9.89;12.9;0;8;7;D;0;0.5
2122;PRODUTO 2122;294;1;18;63;89.9;3;10.52;7;C;0;
2140;PRODUTO 2140;403;4;0;26.83;52.5;0;4;9;C;0;1.5
2202;PRODUTO 2202;311;4;18;14.61;18.9;2;0;5;C;0;0
2204;PRODUTO 2204;294;4;0;17;22.1;5;79;7;C;0;0.15
2207;PRODUTO 2207;272;4;0;5.95;8;2;8;9;D;0;1.085
2208;PRODUTO 2208;340;4;0;9;12.5;2;11;7;D;0;0.4
2210;PRODUTO 2210;340;4;0;9.5;12.5;2;0;7;D;0;0.4
2213;PRODUTO 2213;240;4;0;6.99;9.1;5;4;7;D;0;0.5
2218;PRODUTO 2218;243;4;18;8;11;4;18;7;C;0;0.51
2219;PRODUTO 2219;46;4;0;8.74;12.9;0;0;7;D;0;0.3
2221;PRODUTO 2221;46;4;0;13.25;17.5;2;23;7;C;0;0.4
2222;PRODUTO 2222;46;1;18;12;16.9;4;31.842;8;C;0;7.2
2227;PRODUTO 2227;243;4;18;16.25;21.5;2;18;7;D;0;0.5
2229;PRODUTO 2229;312;4;;9.21;11.8;6;63;7;C;0;0.18
2230;PRODUTO 2230;340;4;0;8.5;12.5;6;9;7;D;0;0.4
2231;PRODUTO 2231;240;4;0;5.89;7.95;0;0;7;D;0;0
2232;PRODUTO 2232;240;4;0;10.29;13.4;0;0;7;D;0;0
2234;PRODUTO 2234;366;4;0;29;34.5;0;0;5;D;0;0.55
2235;PRODUTO 2235;366;4;0;29;34.5;0;0;5;D;0;0.55
2236;PRODUTO 2236;366;4;0;29;34.5;0;0;5;D;0;0.55
2237;PRODUTO 2237;366;4;0;29;34.5;0;0;5;D;0;0.55
2238;PRODUTO 2238;366;4;0;29;34.5;0;0;5;D;0;0.55
2239;PRODUTO 2239;366;4;0;29;34.5;0;0;5;D;0;0.55
2240;PRODUTO 2240;366;4;0;29;34.5;0;0;5;D;0;0.55
2241;PRODUTO 2241;366;4;0;29;34.5;0;0;5;D;0;0.55
2242;PRODUTO 2242;366;4;0;29;34.5;0;0;5;D;0;0.55
2244;PRODUTO 2244;366;4;0;29;34.5;0;0;5;D;0;0.55
2246;PRODUTO 2246;366;4;0;29;34.5;0;0;5;D;0;550
2247;PRODUTO 2247;398;4;12;7.4;9.65;2;0;1;D;0;0.25
2251;PRODUTO 2251;335;4;0;14.4;21;2;11;5;C;0;0
2252;PRODUTO 2252;311;1;18;29;41.9;0;0;2;D;0;0
2258;PRODUTO 2258;328;4;0;21;28;2;2;7;C;0;0.5
2259;PRODUTO 2259;240;4;0;10.89;14.2;0;7;7;D;0;0.5
2260;PRODUTO 2260;362;4;0;7.59;9.85;4;122;7;D;0;0
2263;PRODUTO 2263;340;4;0;7.2;10.5;2;1;7;D;0;0
2264;PRODUTO 2264;240;4;0;1.99;3.5;4;16;7;D;0;0.03
2268;PRODUTO 2268;424;4;12;12.1;15.75;0;4;7;C;0;0.54
2269;PRODUTO 2269;99;1;0;60.9;84.9;3;9.63;2;C;0;0
2270;PRODUTO 2270;231;4;0;5.5;7.5;0;3;2;C;0;0.24
2272;PRODUTO 2272;424;4;12;14.4;16.9;3;27;7;C;0;0.336
2273;PRODUTO 2273;424;4;12;12.1;15.75;2;6;7;C;0;0.54
2274;PRODUTO 2274;424;4;12;5.8;8.5;16;78;7;C;0;0.282
2282;PRODUTO 2282;424;4;12;0.9;1.5;26;317;7;C;0;0.018
2283;PRODUTO 2283;294;1;18;15;23.5;8;18.284;7;C;0;0
2287;PRODUTO 2287;21;4;0;20.63;26;5;9;1;C;0;0.456
2292;PRODUTO 2292;335;4;0;25.2;31.5;7;7;5;D;0;0.5
2293;PRODUTO 2293;335;4;0;27.2;34;7;11;5;D;0;0.5
2294;PRODUTO 2294;335;4;0;25.2;31.5;5;9;5;D;0;0.5
2295;PRODUTO 2295;335;4;0;24.8;31;2;0;5;D;0;0.5
2297;PRODUTO 2297;335;4;0;21.6;27;7;2;5;D;0;0.6
2298;PRODUTO 2298;335;4;0;21.6;27;7;18;5;D;0;0.6
2299;PRODUTO 2299;335;4;0;24;30;7;17;5;D;0;0.6
2301;PRODUTO 2301;396;4;0;49.9;62.5;0;0;9;D;0;1.1
2302;PRODUTO 2302;396;4;0;49.9;62.5;0;3;9;D;0;1.1
2303;PRODUTO 2303;396;4;0;49.9;62.5;0;1;9;D;0;1.1
2304;PRODUTO 2304;396;4;0;49.9;62.5;0;2;9;D;0;1.1
2305;PRODUTO 2305;396;4;0;49.9;62.5;0;0;9;D;0;1.1
2306;PRODUTO 2306;396;4;0;49.9;62.5;0;5;9;D;0;1.1
2307;PRODUTO 2307;396;4;0;49.9;62.5;0;1;9;D;0;1.1
2308;PRODUTO 2308;393;4;12;25.17;35;0;13;9;D;0;0.5
2309;PRODUTO 2309;333;4;25;54.96;68.8;0;4;9;D;0;1
2310;PRODUTO 2310;333;4;4;65.9;82.3;0;1;9;D;0;1
2311;PRODUTO 2311;333;4;4;65.9;82.3;0;1;9;D;0;1
2312;PRODUTO 2312;333;4;4;39.45;51.9;0;0;9;D;0;1
2313;PRODUTO 2313;396;4;0;49.9;62.5;0;2;9;D;0;1
2314;PRODUTO 2314;393;4;12;52.2;76.9;0;1;9;D;0;1
2315;PRODUTO 2315;393;4;12;42.65;55.9;0;7;9;D;0;1
2316;PRODUTO 2316;393;4;12;43;55.9;0;23;9;D;0;1
2317;PRODUTO 2317;393;4;12;52.2;68;0;1;9;D;0;1
2318;PRODUTO 2318;393;4;12;24.8;35.6;0;0;9;D;0;1
2319;PRODUTO 2319;393;4;12;25.84;35.9;0;2;9;D;0;1
2320;PRODUTO 2320;393;4;12;42.65;72.6;0;3;9;D;0;1
2321;PRODUTO 2321;393;4;12;21.36;31.9;0;2;9;D;0;1
2322;PRODUTO 2322;393;4;12;21.36;31.9;0;3;9;D;0;1
2323;PRODUTO 2323;393;4;12;18;31.9;0;1;9;D;0;1
2324;PRODUTO 2324;377;4;12;46.5;60.4;0;8;9;D;0;1.5
2325;PRODUTO 2325;272;4;0;7.23;9.5;5;13;7;D;0;1.1
2326;PRODUTO 2326;393;4;12;58.04;69.6;0;4;9;C;0;1.5
2327;PRODUTO 2327;393;2;12;27.63;35.9;2;4;9;D;0;1
2328;PRODUTO 2328;2;4;0;2.85;3.5;0;2;7;D;0;0.332
2329;PRODUTO 2329;2;4;0;2.85;3.5;0;0;7;D;0;0.332
2330;PRODUTO 2330;333;4;4;30.89;40.5;0;0;9;D;0;1.2
2331;PRODUTO 2331;333;4;4;30.89;40.5;0;3;9;C;0;1.2
2332;PRODUTO 2332;333;4;4;67;88.9;0;4;9;C;0;1.2
2333;PRODUTO 2333;296;4;25;35;50.9;0;0;9;D;0;1.5
2334;PRODUTO 2334;393;4;12;49.83;64.9;0;3;9;D;0;1
2335;PRODUTO 2335;393;4;12;43.09;55.4;0;1;9;D;0;1.2
2336;PRODUTO 2336;431;4;25;17.5;41.9;0;6;9;C;0;1.5
2340;PRODUTO 2340;431;4;25;17.5;41.9;2;2;9;C;0;1.5
2341;PRODUTO 2341;294;1;18;40;48;2;13.508;10;C;0;0
2342;PRODUTO 2342;294;1;18;133;300;0;4.92;10;C;0;0
2343;PRODUTO 2343;294;1;18;61;120;0;8.83;10;C;0;0
2345;PRODUTO 2345;335;5;0;28.8;36;0;0;7;D;0;0.5
2347;PRODUTO 2347;333;4;4;23.09;31.9;0;0;9;D;0;1
2348;PRODUTO 2348;333;4;4;23.09;31.9;0;1;9;D;0;1
2349;PRODUTO 2349;333;4;4;43.24;57.9;0;0;9;D;0;1
2350;PRODUTO 2350;333;4;4;24.97;41.9;0;2;9;D;0;1
2351;PRODUTO 2351;403;3;25;28.29;37.9;0;4;9;C;0;1
2352;PRODUTO 2352;403;4;25;28.5;37;2;1;9;C;0;0.66
2353;PRODUTO 2353;403;4;25;55;71.5;0;1;9;C;0;1.372
2354;PRODUTO 2354;35;4;18;6.26;8.5;9;28;7;D;0;0.2
2355;PRODUTO 2355;35;4;18;6.26;8.5;11;6;7;D;0;0.2
2356;PRODUTO 2356;403;4;25;42.5;55.5;0;2;9;C;0;1.234
2357;PRODUTO 2357;403;4;25;42.5;55.5;0;1;9;C;0;1.346
2358;PRODUTO 2358;403;3;0;31.63;45;2;0;9;C;0;1.5
2359;PRODUTO 2359;403;3;0;31.63;45;0;0;9;C;0;1.5
2360;PRODUTO 2360;2;4;0;4.5;8;15;7;7;D;0;0.13
2361;PRODUTO 2361;272;4;0;9.1;11.9;2;11;9;C;0;0
2362;PRODUTO 2362;387;4;18;10.5;13.7;4;23;7;C;0;0.4
2363;PRODUTO 2363;387;4;18;8.5;13.7;2;47;7;C;0;0.4
2364;PRODUTO 2364;387;4;18;8.5;13.7;2;17;7;C;0;0.4
2365;PRODUTO 2365;387;4;0;11.5;17;3;23;7;C;0;0.53
2366;PRODUTO 2366;387;4;0;11.5;17;2;17;7;C;0;0.5
2367;PRODUTO 2367;387;4;0;13;21;0;24;7;C;0;0.6
2368;PRODUTO 2368;387;4;0;11.5;17;3;27;7;C;0;
2369;PRODUTO 2369;387;4;0;14.6;21;2;1;7;C;0;0.6
2370;PRODUTO 2370;387;4;0;17;23.5;2;0;8;D;0;0.15
2371;PRODUTO 2371;387;4;0;9.5;12;4;0;8;D;;0.25
2372;PRODUTO 2372;387;4;0;5;6.5;0;0;8;D;0;0.018
2373;PRODUTO 2373;387;4;0;15.11;21;3;19;8;C;0;0
2374;PRODUTO 2374;387;0;0;13.5;21;2;26;0;C;0;0
2375;PRODUTO 2375;413;4;0;13.98;18.9;5;7;7;C;0;0.32
2376;PRODUTO 2376;;0;0;0;0;0;0;0;C;0;0
2377;PRODUTO 2377;413;4;0;14.43;18.9;4;7;7;D;0;0.32
2378;PRODUTO 2378;413;4;0;17.3;23.5;2;5;7;C;0;0.32
2379;PRODUTO 2379;413;4;0;9.62;13.5;3;8;7;D;0;0.32
2380;PRODUTO 2380;413;4;0;10.99;14.5;3;1;7;C;0;0.32
2382;PRODUTO 2382;46;4;0;20.42;23.9;3;1;8;C;0;0.46
2383;PRODUTO 2383;413;4;0;9.74;13.5;2;3;5;D;0;0.25
2384;PRODUTO 2384;294;1;18;17;35.5;0;4.856;10;C;0;0
2385;PRODUTO 2385;48;4;0;25.5;33.5;0;0;7;C;0;0.46
2386;PRODUTO 2386;272;4;0;6.13;8;2;5;7;C;0;1
2387;PRODUTO 2387;294;1;18;36;49.9;2;14.818;7;C;0;0
2390;PRODUTO 2390;393;4;12;58.9;76.9;0;0;9;D;0;1
2391;PRODUTO 2391;393;4;0;58.9;76.9;0;1;9;C;0;1
2392;PRODUTO 2392;393;4;0;56.44;76.9;0;1;9;D;0;1
2396;PRODUTO 2396;294;4;0;5;8;5;51;7;D;0;0.05
2398;PRODUTO 2398;403;3;0;22.34;31.9;2;0;9;C;0;1
2399;PRODUTO 2399;403;3;0;22.34;31.9;2;0;9;C;0;1
2400;PRODUTO 2400;403;3;0;42.48;55.5;2;0;9;C;0;1
2401;PRODUTO 2401;293;4;18;5.8;7.3;6;38;7;D;0;0.07
2402;PRODUTO 2402;406;4;0;16;21.5;0;0;1;D;0;0.12
2403;PRODUTO 2403;406;4;0;16;21.8;2;0;1;D;0;0.12
2404;PRODUTO 2404;406;4;0;16;19;0;0;1;D;0;0
2405;PRODUTO 2405;406;1;0;85;110;2;0;1;D;0;0
2406;PRODUTO 2406;406;1;0;110;130;0;0;1;D;0;0
2407;PRODUTO 2407;406;4;0;22;29.6;2;1;1;D;0;0.3
2408;PRODUTO 2408;335;4;0;38.4;51;0;2;5;C;0;1
2409;PRODUTO 2409;335;4;0;38.4;53;2;1;5;C;0;1
2410;PRODUTO 2410;335;4;0;42.4;53;2;2;5;C;0;1
2412;PRODUTO 2412;335;4;0;39.2;57;2;0;5;C;0;1
2413;PRODUTO 2413;416;4;;7.15;9.5;4;4;2;C;0;0.105
2414;PRODUTO 2414;416;4;;8.6;9.9;5;0;2;C;0;0.105
2415;PRODUTO 2415;416;1;18;84;109.5;0;0;2;C;0;0
2417;PRODUTO 2417;416;1;13.3;93;120.9;0;0.206;2;D;0;0
2418;PRODUTO 2418;416;1;;76.7;99.5;3;0.811;2;C;0;0
2422;PRODUTO 2422;416;4;18;22.42;28.9;2;2;2;C;0;0.4
2423;PRODUTO 2423;416;4;18;21.7;28.9;2;4;2;C;0;0.4
2425;PRODUTO 2425;416;1;18;20.54;26.5;0;0;7;D;0;0
2426;PRODUTO 2426;416;4;18;16.25;21.5;0;0;2;D;0;0.43
2427;PRODUTO 2427;416;4;18;16.6;21.6;0;0;2;C;0;0.41
2430;PRODUTO 2430;416;4;18;9;11.7;2;3;7;C;0;0.11
2431;PRODUTO 2431;243;4;18;16.25;21.5;2;40;7;D;0;0.5
2432;PRODUTO 2432;387;4;0;7.9;11;9;121;7;C;0;0.114
2433;PRODUTO 2433;416;4;;5.85;7.8;4;1;2;C;0;0.105
2434;PRODUTO 2434;416;4;18;13.4;17.5;0;0;2;C;0;0.29
2435;PRODUTO 2435;416;4;;7.7;8.8;2;0;2;D;0;0.105
2436;PRODUTO 2436;416;1;18;33.2;44.9;0;0;2;D;0;0
2437;PRODUTO 2437;294;4;0;0.5;1;5;0;8;C;0;0.015
2438;PRODUTO 2438;293;4;0;13.5;16.2;16;43;7;D;0;0.55
2439;PRODUTO 2439;191;4;12;24;28.8;6;11;1;C;0;0.4
2440;PRODUTO 2440;387;4;0;17;21.5;0;7;7;C;0;0.32
2441;PRODUTO 2441;387;4;0;17.5;22;0;12.7;7;C;0;0.35
2442;PRODUTO 2442;387;4;0;17.5;15;5;11;7;C;0;0.35
2443;PRODUTO 2443;387;4;0;17.5;22;2;25;7;C;0;0.35
2444;PRODUTO 2444;311;4;0;4.04;5.5;3;0;5;C;0;0.31
2448;PRODUTO 2448;387;4;0;2.2;3.5;60;57;8;C;0;0
2449;PRODUTO 2449;387;4;0;2.5;6;3;0;8;D;0;0
2450;PRODUTO 2450;398;1;12;51.5;66.95;2;0;1;C;0;0
2451;PRODUTO 2451;333;4;4;27.36;39.9;0;5;9;D;0;1
2452;PRODUTO 2452;409;4;0;1.8;2.5;9;32;7;C;0;0.06
2453;PRODUTO 2453;231;4;18;10.09;13.5;6;11;2;C;0;0.4
2454;PRODUTO 2454;199;4;0;1.45;2;5;85;7;C;0;0.3
2455;PRODUTO 2455;199;4;0;1.2;2.3;6;49;7;C;0;0.3
2456;PRODUTO 2456;199;4;0;1.5;2.3;0;27;7;C;0;0.3
2457;PRODUTO 2457;199;4;0;1.95;2.7;5;65;7;C;0;0.3
2458;PRODUTO 2458;424;4;12;5.7;7.5;4;8;8;D;0;0.11
2459;PRODUTO 2459;332;4;0;10.4;13.6;6;15;5;C;0;0.46
2460;PRODUTO 2460;4;4;0;29.16;34.9;2;0;5;D;0;0.778
2461;PRODUTO 2461;311;4;18;166.5;192;5;3;1;C;0;15
2462;PRODUTO 2462;311;4;18;15.61;20.9;10;54;5;C;0;0.22
2463;PRODUTO 2463;311;4;0;32.21;39.5;2;19;5;D;0;0.3
2464;PRODUTO 2464;46;4;0;13;16.9;0;0;8;C;0;0.96
2465;PRODUTO 2465;46;4;0;12.9;19.5;2;4;7;C;0;1
2466;PRODUTO 2466;199;4;0;1.95;2.3;2;47;7;C;0;0.31
2467;PRODUTO 2467;199;4;0;2.94;3.9;0;47;7;C;0;0.2
2468;PRODUTO 2468;333;4;4;27.36;39.9;0;5;9;D;0;1
2469;PRODUTO 2469;333;4;4;20.77;28.9;0;4;9;D;0;0.7
2470;PRODUTO 2470;333;4;4;36.59;48.9;2;1;9;D;0;1.2
2471;PRODUTO 2471;333;4;4;21.09;29.9;0;0;9;D;0;1.2
2472;PRODUTO 2472;333;4;4;21.09;29.9;0;3;9;D;0;1.2
2473;PRODUTO 2473;333;4;4;21.09;29.9;2;1;9;D;0;1.2
2474;PRODUTO 2474;333;4;4;38.34;52.5;0;3;9;D;0;1.2
2475;PRODUTO 2475;333;4;4;25.11;41.9;2;6;9;D;0;1.2
2476;PRODUTO 2476;333;4;4;19.75;29.9;0;3;9;D;0;0.8
2477;PRODUTO 2477;333;4;4;26.87;39.5;0;11;9;D;0;0.8
2478;PRODUTO 2478;37;4;18;5.32;7.2;6;21;7;C;0;0.21
2479;PRODUTO 2479;428;4;18;10.2;14.9;3;0;1;C;0;0.5
2480;PRODUTO 2480;243;4;0;12.5;21.7;28;114;7;C;0;0.5
2481;PRODUTO 2481;431;4;25;30.23;43.9;0;5;9;C;0;1.5
2482;PRODUTO 2482;431;4;25;30.23;43.9;0;4;9;C;0;1.5
2483;PRODUTO 2483;431;4;25;19.5;43.9;0;2;9;C;0;1.5
2484;PRODUTO 2484;431;4;25;19.9;43.9;0;5;9;C;0;1.5
2485;PRODUTO 2485;431;4;25;19.5;43.9;0;5;9;C;0;1.5
2486;PRODUTO 2486;431;4;25;19.5;43.9;2;2;9;C;0;1.5
2487;PRODUTO 2487;333;4;4;19.75;28.9;0;5;9;D;0;0.7
2500;PRODUTO 2500;416;4;0;7.6;9.9;4;4;7;C;0;0.25
2501;PRODUTO 2501;2;4;0;13;16;3;0;8;C;0;0.156
2502;PRODUTO 2502;267;4;0;18.75;24;0;16;7;C;0;0.21
2503;PRODUTO 2503;267;4;0;14.05;18.5;2;13;7;C;0;0.21
2510;PRODUTO 2510;2;4;0;;;0;0;8;C;0;
2520;PRODUTO 2520;2;4;0;13.7;17.8;2;6;8;C;0;0.182
2521;PRODUTO 2521;2;4;0;11;15;8;35;7;C;0;0.23
2525;PRODUTO 2525;410;4;0;18;23.5;2;11;5;C;0;0.432
2526;PRODUTO 2526;195;4;18;6.3;7.6;0;0;7;C;0;1.042
2527;PRODUTO 2527;435;4;4;19.5;25.5;5;17;7;C;0;0.62
2528;PRODUTO 2528;435;4;4;15;19.5;5;4;7;C;0;0.26
2529;PRODUTO 2529;435;4;4;19;24.7;5;5;7;C;0;0.48
2530;PRODUTO 2530;435;4;4;2.42;3.5;5;1;7;C;0;0.065
2531;PRODUTO 2531;435;4;4;14;18.2;5;2;7;C;0;0.11
2532;PRODUTO 2532;435;4;4;14;18.2;5;2;7;C;0;0.105
2533;PRODUTO 2533;435;4;4;15;19.5;5;1;7;C;0;0.266
2534;PRODUTO 2534;435;4;4;15;19.5;5;2;7;C;0;0.266
2535;PRODUTO 2535;435;4;4;15;19.5;5;1;7;C;0;0.26
2536;PRODUTO 2536;435;4;0;12;15.6;5;1;7;C;0;0.078
2537;PRODUTO 2537;294;1;18;45;69;2;3.192;7;C;0;0
2538;PRODUTO 2538;294;1;18;24.6;44.9;2;5.34;7;C;0;0
2539;PRODUTO 2539;387;4;0;4;5.5;3;4;8;C;0;0.85
2540;PRODUTO 2540;387;4;0;4;5.5;3;0;8;C;0;0.085
2541;PRODUTO 2541;294;1;18;47.5;75.9;0;3.645;10;C;0;0
3100;PRODUTO 3100;312;4;0;48.1;40;2;56;7;C;0;1.1
3102;PRODUTO 3102;416;4;18;11.63;15.1;3;0;2;C;0;0.265
3103;PRODUTO 3103;416;4;18;17.54;21.9;2;0;2;C;0;0.315
3105;PRODUTO 3105;387;4;0;15.1;21;0;7;8;C;0;0.5
3106;PRODUTO 3106;387;4;0;20.5;26.65;2;0;8;C;0;0
3107;PRODUTO 3107;51;4;0;13.3;17.3;3;0;8;D;0;1
3108;PRODUTO 3108;51;4;0;7.2;9.4;0;28;8;D;0;0.402
3109;PRODUTO 3109;424;4;12;8.67;11.3;5;16;8;C;0;0.195
3110;PRODUTO 3110;426;4;;1.25;2.5;6;69;9;D;0;0.55
3111;PRODUTO 3111;426;4;;1.85;2.5;4;92;9;D;0;0.53
3112;PRODUTO 3112;424;4;12;4.6;7;7;30;8;C;0;0.156
3113;PRODUTO 3113;424;4;;14.95;19.5;0;0;8;C;0;0.542
3115;PRODUTO 3115;424;4;12;6.95;8.5;6;8;8;C;0;0.112
3116;PRODUTO 3116;387;4;0;6;7.8;2;2;8;C;0;0
3117;PRODUTO 3117;387;4;0;22;29.6;3;0;8;C;0;0.16
3118;PRODUTO 3118;387;4;0;22;29.6;3;1;8;C;0;0.16
3119;PRODUTO 3119;340;4;0;8.3;11;2;11;7;D;0;0
3120;PRODUTO 3120;413;4;0;19.04;26;3;3;7;C;0;0.33
